Season,Name,Tm,PA,BB%,K%,BB/K,AVG,OBP,SLG,OPS,ISO,BABIP,wRC,wRAA,wOBA,wRC+,playerId
2021,"Albert Pujols","2 Tms",289,0.04844291,0.14532872,0.33333333,0.23880597,0.28719723,0.44029851,0.72749574,0.20149254,0.22274882,33.22604128889615,-1.7904154417676261,0.3067612406257149,93.23119804359027,1177
2021,"Miguel Cabrera","DET",493,0.0811359,0.22920892,0.3539823,0.25681818,0.31845842,0.39090909,0.70936751,0.13409091,0.30529595,57.21755916510601,-2.5163964342616145,0.30807041299754173,94.11808336293733,1744
2021,"David Peralta","ARI",515,0.08543689,0.17281553,0.49438202,0.25910064,0.32621359,0.40685225,0.73306584,0.14775161,0.30458221,63.27244957032528,0.8728813478621505,0.3162893559783697,95.01081533125053,2136
2021,"Carlos Santana","KCR",619,0.13085622,0.15670436,0.83505155,0.21280603,0.31825525,0.34839925,0.6666545,0.13559322,0.22434368,65.64175750499587,-9.358888572100588,0.29596398093483667,84.56392709975329,2396
2021,"Nelson Cruz","2 Tms",547,0.08957952,0.20840951,0.42982456,0.27139875,0.34254144,0.51356994,0.85611138,0.24217119,0.28947368,85.02476733736754,18.747944390401845,0.3556560620134364,128.3785184413222,2434
2021,"Manny Pina","MIL",196,0.1122449,0.17857143,0.62857143,0.19642857,0.30612245,0.44642857,0.75255102,0.25,0.17213115,25.361910700591448,1.6137255130132442,0.3241930524913632,100.57348641119609,2829
2021,"Tommy Pham","SDP",541,0.14048059,0.22735675,0.61788618,0.23413567,0.34565619,0.3916849,0.73734109,0.15754923,0.28482972,69.71802572352594,4.168188037404481,0.323553958125274,105.21055898910315,2967
2021,"Mitch Moreland","OAK",252,0.07142857,0.23015873,0.31034483,0.22707424,0.28571429,0.41484716,0.70056145,0.18777292,0.25609756,27.530461609214523,-3.0029193462431647,0.29983584417237175,92.58053791457809,3086
2021,"Charlie Culberson","TEX",262,0.0648855,0.24045802,0.26984127,0.2394958,0.29457364,0.37394958,0.66852322,0.13445378,0.30409357,26.33696767583578,-5.408055381028957,0.2892888199958356,82.90061392398601,3298
2021,"Anthony Rizzo","2 Tms",538,0.09479554,0.14869888,0.6375,0.2494577,0.34758364,0.43817787,0.78576151,0.18872017,0.25956284,76.76687995109576,11.580534895396411,0.34025701747011783,113.05650344784873,3473
2021,"Eric Hosmer","SDP",539,0.08534323,0.17625232,0.48421053,0.27010309,0.33828996,0.39381443,0.73210439,0.12371134,0.31496063,67.77138242691557,2.4638731610755165,0.31976624700560496,102.7494896968185,3516
2021,"Michael Brantley","HOU",493,0.06693712,0.10141988,0.66,0.31497797,0.36713996,0.44052863,0.80766859,0.12555066,0.34005038,74.45383724061335,14.719881641245735,0.3503330693981512,125.49112732101146,4106
2021,"Ryan Zimmerman","WSN",259,0.05405405,0.27413127,0.1971831,0.24279835,0.28185328,0.47325103,0.75510431,0.23045268,0.28125,32.227122768826725,0.8455923423841023,0.31818710054670063,96.26228110856452,4220
2021,"Joey Votto","CIN",507,0.14398422,0.24260355,0.59349593,0.26995305,0.37869822,0.56103286,0.93973108,0.29107981,0.29927007,94.43543372158192,33.005179180244426,0.39293319841780033,141.7499317760155,4314
2021,"Jed Lowrie","OAK",512,0.09570313,0.2109375,0.4537037,0.24507659,0.31835938,0.39824945,0.71660883,0.15317286,0.28908555,60.76123377785902,-1.2748418141819964,0.31123065341941997,100.26446202304726,4418
2021,"Starlin Castro","WSN",346,0.07514451,0.17919075,0.41935484,0.28253968,0.33333333,0.37460317,0.7079365,0.09206349,0.33858268,40.312890121425326,-1.6099265872586455,0.3086159340170927,90.04340556786093,4579
2021,"Mike Moustakas","CIN",206,0.08737864,0.22330097,0.39130435,0.20765027,0.2815534,0.3715847,0.6531381,0.16393443,0.23880597,19.733058393755094,-5.226768895230157,0.2835696310672945,70.690838619895,4892
2021,"Jason Heyward","CHC",353,0.07648725,0.19263456,0.39705882,0.21362229,0.28045326,0.34674923,0.62720249,0.13312694,0.24696356,31.18132705610446,-11.589639123564442,0.2745528613979166,68.77743259261831,4940
2021,"Giancarlo Stanton","NYY",542,0.11070111,0.26937269,0.4109589,0.26890756,0.35239852,0.49789916,0.85029768,0.2289916,0.32119205,87.42359976179236,21.75259786553019,0.3627550714337672,131.95811346829194,4949
2021,"Asdrubal Cabrera","2 Tms",344,0.09883721,0.22965116,0.43037975,0.22772277,0.30813953,0.36633663,0.67447616,0.13861386,0.28054299,36.19387371509525,-5.4866145733073095,0.2949117738373426,80.94778854027754,4962
2021,"Stephen Vogt","2 Tms",238,0.1092437,0.23529412,0.46428571,0.1952381,0.28270042,0.33333333,0.61603375,0.13809523,0.22972973,20.091359404447203,-8.745722609040614,0.2697852023104404,64.5881657522409,5000
2021,"Josh Donaldson","MIN",505,0.13465347,0.2039604,0.66019417,0.24882629,0.35049505,0.4741784,0.82467345,0.22535211,0.26710098,76.71792638297619,15.530000261920112,0.3514146015610894,123.41307379664724,5038
2021,"Justin Upton","LAA",362,0.10773481,0.29558011,0.36448598,0.21069182,0.29639889,0.40880503,0.70520392,0.19811321,0.25380711,41.102014039520355,-2.7594300314148925,0.30502603093672986,92.0168109655296,5222
2021,"Justin Turner","LAD",583,0.09777015,0.16466552,0.59375,0.27362205,0.3567753,0.46259843,0.81937373,0.18897638,0.29007634,89.56618087349393,18.927446361462852,0.35348545687071864,124.09760645134786,5235
2021,"Robbie Grossman","DET",634,0.14195584,0.2318612,0.6122449,0.23674242,0.3528481,0.41856061,0.77140871,0.18181819,0.28021978,88.61516114046093,11.797051911253886,0.3367333633559091,113.44652761360062,5254
2021,"Sandy Leon","MIA",213,0.04694836,0.29577465,0.15873016,0.18781726,0.23584906,0.27411168,0.50996074,0.08629442,0.25,10.275394127083045,-15.532582632887143,0.2260901151963,42.40206650964683,5273
2021,"Brandon Crawford","SFG",510,0.10392157,0.19607843,0.53,0.29844098,0.37254902,0.51670379,0.88925281,0.21826281,0.33933934,87.20280913923601,25.409061967476404,0.37446577397603836,137.67880676526087,5343
2021,"Freddie Freeman","ATL",658,0.12158055,0.15197568,0.8,0.30175439,0.39209726,0.51578947,0.90788673,0.21403508,0.31972789,117.0920319933086,37.36598172072464,0.3828858016810802,137.65425070161453,5361
2021,"Juan Lagares","LAA",303,0.0330033,0.22442244,0.14705882,0.23263889,0.26,0.375,0.635,0.14236111,0.28372093,26.099026688317227,-10.613728984316422,0.2718971292177836,69.6768172818916,5384
2021,"Jose Altuve","HOU",643,0.10108865,0.13685848,0.73863636,0.27816901,0.35303266,0.48591549,0.83894815,0.20774648,0.28227571,100.72622258885008,22.817635468376686,0.35713682007044556,130.07913776378382,5417
2021,"Ji-Man Choi","TBR",276,0.15217391,0.27898551,0.54545455,0.23706897,0.35869565,0.41810345,0.7767991,0.18103448,0.31034483,39.843976007341666,6.402654008507062,0.34228265631026117,122.95580938839481,5452
2021,"Abraham Almonte","ATL",175,0.14857143,0.21714286,0.68421053,0.21621622,0.33142857,0.39864865,0.73007722,0.18243243,0.25471698,22.122891356487177,0.9191545818637822,0.3205895941598075,97.17722420393548,5486
2021,"Marwin Gonzalez","2 Tms",294,0.06462585,0.2585034,0.25,0.20075758,0.27645051,0.31060606,0.58705657,0.10984848,0.26086957,23.059643913577464,-12.562633867789842,0.26260766193728396,59.93750032172899,5497
2021,"Kyle Higashioka","NYY",197,0.08629442,0.27411168,0.31481481,0.18435754,0.25380711,0.40782123,0.66162834,0.22346369,0.19827586,18.710559318466693,-5.158790079252215,0.2825855494755779,77.89696078172496,5517
2021,"Avisail Garcia","MIL",493,0.07302231,0.23123732,0.31578947,0.26923077,0.336714,0.50452489,0.84123889,0.23529412,0.2970297,76.03501740200824,16.301061802640618,0.3542100591737716,120.07706814127106,5760
2021,"Wilmer Flores","SFG",407,0.08845209,0.13022113,0.67924528,0.25753425,0.32678133,0.44931507,0.7760964,0.19178082,0.25589226,55.819085993568706,6.505252466301728,0.3335615314488329,111.10123206978987,5827
2021,"Leury Garcia","CHW",441,0.08843537,0.20634921,0.42857143,0.26493506,0.33487298,0.37142857,0.70630155,0.10649351,0.32993197,52.101307336159735,-1.3321093358912197,0.3105890976639323,96.95423121375347,5913
2021,"Jean Segura","PHI",542,0.06826568,0.13468635,0.50684932,0.29735234,0.35489834,0.45010183,0.80500017,0.15274949,0.32352941,79.78853999542386,14.117538099161692,0.34572668988465377,114.83383240937377,5933
2021,"Didi Gregorius","PHI",378,0.06084656,0.16931217,0.359375,0.20991254,0.26984127,0.37026239,0.64010366,0.16034985,0.22058824,33.72501142019219,-12.075060012994339,0.2756253661148112,69.28542340252761,6012
2021,"Eduardo Escobar","2 Tms",568,0.08274648,0.20598592,0.4017094,0.24615385,0.30809859,0.46730769,0.77540628,0.22115384,0.26595745,76.1085967860183,7.287325426097793,0.32975052504732916,103.88284655457586,6153
2021,"J.D. Martinez","BOS",599,0.0851419,0.23539232,0.36170213,0.28650647,0.34782609,0.5194085,0.86723459,0.23290203,0.33952255,97.22550506721329,24.648143192930927,0.3639818693737726,127.76935083943269,6184
2021,"Alcides Escobar","WSN",305,0.03934426,0.15081967,0.26086957,0.28571429,0.33333333,0.38571429,0.71904762,0.1,0.33333333,37.01165937203838,0.05657527912332429,0.31446474180756623,93.84367459441421,6310
2021,"Freddy Galvis","2 Tms",370,0.07027027,0.18378378,0.38235294,0.24924925,0.3106267,0.41741742,0.72804412,0.16816817,0.2745098,44.51631048849751,-0.3144472635633845,0.3132517696078358,95.25875356367304,6609
2021,"Martin Maldonado","HOU",411,0.11435523,0.29440389,0.38842975,0.17597765,0.27980535,0.31005587,0.58986122,0.13407822,0.22566372,33.05972955465548,-16.73876081317432,0.2650091703345136,67.95419529966047,6887
2021,"Yadier Molina","STL",458,0.05021834,0.16593886,0.30263158,0.25352113,0.297593,0.37323944,0.67083244,0.11971831,0.28362573,46.68724904450094,-8.805959199942,0.2909986269578599,84.16810030466947,7007
2021,"Salvador Perez","KCR",625,0.0416,0.2528,0.16455696,0.27568493,0.3168,0.54623288,0.86303288,0.27054795,0.29947917,99.59134019706127,23.863708859120578,0.3603954501390073,128.01235250365076,7304
2021,"Travis d'Arnaud","ATL",199,0.07035176,0.21105528,0.33333333,0.23076923,0.29145729,0.41208791,0.7035452,0.18131868,0.26119403,22.257361558219035,-1.85431625978128,0.3029765591549514,85.73313614524167,7739
2021,"Miguel Rojas","MIA",514,0.06809339,0.1381323,0.49295775,0.2690678,0.32553606,0.39618644,0.7217225,0.12711864,0.30203046,62.461009447506434,0.18260543518400935,0.3146699634444179,99.9569162727742,7802
2021,"Charlie Blackmon","COL",549,0.08925319,0.15300546,0.58333333,0.26748971,0.34608379,0.41563786,0.76172165,0.14814815,0.29846939,74.55481352402795,8.03566215678083,0.3319338438284658,93.58275592433331,7859
2021,"Eric Sogard","CHC",180,0.05,0.16666667,0.3,0.24852071,0.28333333,0.31360947,0.5969428,0.06508876,0.29285714,13.654929040994102,-8.154628784332818,0.259476925407708,58.98182729281562,7927
2021,"Matt Carpenter","STL",233,0.13733906,0.31759657,0.43243243,0.17525773,0.30901288,0.28865979,0.59767267,0.11340206,0.26271186,20.60328084365643,-7.6279801191278604,0.27466615983124437,73.5560625745919,8090
2021,"Josh Harrison","2 Tms",533,0.05440901,0.13320826,0.4084507,0.28630705,0.34774436,0.41286307,0.76060743,0.12655602,0.32019704,72.51233672764324,7.931812722647418,0.3321972514005532,108.05327893413632,8202
2021,"Kurt Suzuki","LAA",230,0.04347826,0.17391304,0.25,0.22926829,0.29385965,0.34146341,0.63532306,0.11219512,0.25766871,21.47847800195605,-6.389290330406125,0.28066018171477736,75.58605445169101,8259
2021,"Ehire Adrianza","ATL",197,0.10152284,0.20304569,0.5,0.24561404,0.32653061,0.39181287,0.71834348,0.14619883,0.29230769,23.668864810900704,-0.20048458681820241,0.3130103173304577,92.25258109544326,8418
2021,"Donovan Solano","SFG",326,0.07055215,0.16871166,0.41818182,0.27739726,0.33846154,0.40410959,0.74257113,0.12671233,0.31623932,41.69148453223603,2.1919520263661716,0.3223683274822471,103.82843599476868,8623
2021,"Elvis Andrus","OAK",533,0.05628518,0.15196998,0.37037037,0.24032587,0.28867925,0.31771894,0.60639819,0.07739307,0.27980535,43.380494234820716,-21.200029770175103,0.2661599593632149,69.87169412887428,8709
2021,"Lorenzo Cain","MIL",267,0.09363296,0.16853933,0.55555556,0.25523013,0.32958801,0.40167364,0.73126165,0.14644351,0.28342246,33.56334974350508,1.2125056359368194,0.31973001439026677,97.6736227009286,9077
2021,"Buster Posey","SFG",420,0.12142857,0.2,0.60714286,0.30517711,0.39047619,0.50953678,0.90001297,0.20435967,0.35338346,74.74591600989535,23.8569477507992,0.3829039947096124,143.16154958085696,9166
2021,"Paul Goldschmidt","STL",644,0.09782609,0.19875776,0.4921875,0.29144852,0.36180124,0.5078534,0.86965464,0.21640488,0.32779097,107.7248104083273,29.695059077713214,0.36997943458438476,135.48596330644637,9218
2021,"Starling Marte","2 Tms",497,0.08651911,0.18712274,0.46236559,0.30979499,0.38508065,0.45785877,0.84293942,0.14806378,0.36904762,81.30589748692134,21.087285046990907,0.3654829758381554,134.6305115420498,9241
2021,"AJ Pollock","LAD",392,0.06632653,0.19897959,0.33333333,0.29722222,0.35204082,0.51111111,0.86315193,0.21388889,0.34082397,63.77865828212152,16.282287906965117,0.36445044119333486,131.22211657215442,9256
2021,"Brock Holt","TEX",244,0.09016393,0.18032787,0.5,0.20909091,0.28278689,0.3,0.58278689,0.09090909,0.25142857,18.80717535690646,-10.756891917425587,0.2609491069785884,63.79014007935071,9345
2021,"Evan Longoria","SFG",261,0.1302682,0.21455939,0.60714286,0.28571429,0.37931034,0.53125,0.91056034,0.24553571,0.32484076,46.2695899251974,14.645731078473371,0.3820719129844398,142.62090360290486,9368
2021,"Yan Gomes","2 Tms",353,0.04815864,0.20679887,0.23287671,0.25454545,0.30028329,0.43333333,0.73361662,0.17878788,0.28688525,42.035025398308896,-0.7359407813600076,0.3115660796846662,94.61871767857085,9627
2021,"Christian Vazquez","BOS",476,0.06722689,0.17226891,0.3902439,0.26255708,0.31368421,0.35616438,0.66984859,0.0936073,0.30878187,49.80806294175532,-7.866101085220311,0.29426431931947405,80.75633359349655,9774
2021,"Nolan Arenado","STL",621,0.07407407,0.14331723,0.51685393,0.25618375,0.31239936,0.5,0.81239936,0.24381625,0.24888889,87.71300884971707,12.4700343523392,0.33851423131526487,115.04141431774411,9777
2021,"Kyle Seager","SEA",634,0.09305994,0.23659306,0.39333333,0.21516755,0.29179811,0.45149912,0.74329723,0.23633157,0.2253886,77.5673942924861,0.7492850632790671,0.3156691395406482,104.1061403161229,9785
2021,"Andrew McCutchen","PHI",544,0.13786765,0.22794118,0.60483871,0.22270742,0.33272059,0.44104803,0.77376862,0.21834061,0.24367089,74.46803975405892,8.554709437515344,0.33324983523915047,106.72698295274718,9847
2021,"DJ LeMahieu","NYY",657,0.1065449,0.13850837,0.76923077,0.26816609,0.34855403,0.3633218,0.71187583,0.09515571,0.30082988,80.14768890498586,0.5428028425425969,0.31523921962912754,99.91648896187918,9874
2021,"Brett Gardner","NYY",427,0.13583138,0.21779859,0.62365591,0.21971831,0.32938389,0.35492958,0.68431347,0.13521127,0.26640927,48.27088992584976,-3.4662278042313206,0.304427794370606,92.62596137253966,9927
2021,"Darin Ruf","SFG",300,0.15333333,0.27666667,0.55421687,0.268,0.38666667,0.512,0.89866667,0.244,0.33986928,53.418493082361934,17.069230040150398,0.38301904609539367,143.23630434003348,9929
2021,"Wil Myers","SDP",473,0.11205074,0.28118393,0.39849624,0.25240385,0.33403805,0.43509615,0.7691342,0.1826923,0.32592593,63.76391925001359,6.453247853460079,0.3307326708123436,109.8749351239508,10047
2021,"Max Stassi","LAA",298,0.08724832,0.32214765,0.27083333,0.24714829,0.33221477,0.42205323,0.754268,0.17490494,0.34394904,39.69328052703494,3.5863459051048214,0.3287882752866553,108.04053530115425,10059
2021,"Jonathan Villar","NYM",470,0.09148936,0.25106383,0.36440678,0.2535545,0.32692308,0.42890995,0.75583303,0.17535545,0.31118881,61.63958640849517,4.692407642363767,0.32630914858994053,109.6368198005571,10071
2021,"Tucker Barnhart","CIN",367,0.07629428,0.26158038,0.29166667,0.25914634,0.32970027,0.38719512,0.71689539,0.12804878,0.34210526,44.19107194270769,-0.27619317893108547,0.31333079657268004,90.02818727554059,10200
2021,"Jose Iglesias","2 Tms",489,0.04294479,0.14519427,0.29577465,0.26898048,0.30879346,0.39479393,0.70358739,0.12581345,0.30104712,55.53798756673168,-3.7113111920731185,0.3050660928577977,91.6999695243779,10231
2021,"Randal Grichuk","TOR",529,0.0510397,0.20982987,0.24324324,0.24646465,0.28733459,0.43232323,0.71965782,0.18585858,0.27322404,60.82924410929963,-3.2666230551333735,0.30677596630356035,90.37280808972247,10243
2021,"Brandon Belt","SFG",367,0.13079019,0.27520436,0.47524752,0.26282051,0.37057221,0.56730769,0.9378799,0.30448718,0.30107527,68.29245059333901,23.825185471700234,0.3927153561796461,149.5364920372697,10264
2021,"Rafael Ortega","CHC",295,0.0779661,0.23050847,0.33823529,0.27985075,0.34129693,0.45149254,0.79278947,0.17164179,0.34210526,42.29338937065331,6.549947379145303,0.34108011363303825,112.00358485267776,10323
2021,"Marcell Ozuna","ATL",208,0.09134615,0.22115385,0.41304348,0.21276596,0.28846154,0.35638298,0.64484452,0.14361702,0.24444444,20.017635137653485,-5.184520571613177,0.28411007443299663,73.47461781171634,10324
2021,"Enrique Hernandez","BOS",542,0.10147601,0.18634686,0.54455446,0.25053079,0.33579336,0.4522293,0.78802266,0.20169851,0.27855153,76.43009118804137,10.759089291779205,0.3382363820867785,110.40825543539452,10472
2021,"Cesar Hernandez","2 Tms",615,0.09430894,0.21138211,0.44615385,0.23090909,0.30731707,0.38727273,0.6945898,0.15636364,0.26368159,68.30086122818237,-6.215128008351273,0.3021354086052924,90.30365711335337,10556
2021,"Gio Urshela","NYY",408,0.04656863,0.25245098,0.18446602,0.26356589,0.29901961,0.41602067,0.71504028,0.15245478,0.32720588,47.112273738750446,-2.322723998657239,0.3073587847106597,94.6024321363186,10681
2021,"Corey Dickerson","2 Tms",338,0.06804734,0.18639053,0.36507937,0.26688103,0.32248521,0.39871383,0.72119904,0.1318328,0.31967213,40.404722238620714,-0.548780788937616,0.3122545813240708,97.02298220273988,10762
2021,"Jurickson Profar","SDP",392,0.12244898,0.15561224,0.78688525,0.23283582,0.33589744,0.33134328,0.66724072,0.09850746,0.27205882,42.91061712824192,-4.5857532469144875,0.30009936183154734,89.9709103259105,10815
2021,"Andrelton Simmons","MIN",435,0.07126437,0.14022989,0.50819672,0.22418136,0.28472222,0.27707809,0.56180031,0.05289673,0.25748503,30.904059592226556,-21.802371818980166,0.2536541772661386,57.48975162354995,10847
2021,"Adam Duvall","2 Tms",529,0.06616257,0.31568998,0.20958084,0.23360656,0.28733459,0.50409836,0.79143295,0.2704918,0.26829268,71.773749376686,7.677882212252987,0.3317372248028264,108.69772933919201,10950
2021,"Phil Gosselin","LAA",339,0.06784661,0.22418879,0.30263158,0.26602564,0.32153392,0.375,0.69653392,0.10897436,0.33043478,38.68881280798089,-2.3858544297181425,0.30573296617266,92.49352247378911,10953
2021,"Kevin Kiermaier","TBR",367,0.07901907,0.25885559,0.30526316,0.24848485,0.3133515,0.36666667,0.68001817,0.11818182,0.33191489,38.70166815081442,-5.765596970824352,0.2952499262274128,91.23997099782765,11038
2021,"Adam Eaton","2 Tms",288,0.07638889,0.24652778,0.30985915,0.2007874,0.28169014,0.32677165,0.60846179,0.12598425,0.25280899,24.56687212987542,-10.32842039064765,0.27067667791541195,69.89906792033065,11205
2021,"Jonathan Schoop","DET",634,0.05520505,0.19873817,0.27777778,0.27427598,0.3170347,0.42759796,0.74463266,0.15332198,0.31473214,79.72353771621984,2.9054284870127933,0.31978015023451123,102.01437458714516,11265
2021,"Whit Merrifield","KCR",675,0.0562963,0.14222222,0.39583333,0.27929374,0.32,0.3964687,0.7164687,0.11717496,0.31119545,78.80191768394656,-2.9839241610293996,0.3088967886805888,93.28497815670926,11281
2021,"Jake Marisnick","2 Tms",177,0.05649718,0.33333333,0.16949153,0.21383648,0.27840909,0.38993711,0.6683462,0.17610063,0.29896907,17.5978084397589,-3.8482567551459033,0.28782752833583136,78.34468461107843,11339
2021,"Jesus Aguilar","MIA",510,0.09019608,0.18235294,0.49462366,0.26057906,0.32871287,0.45879733,0.7875102,0.19821827,0.27859238,70.02829789677598,8.234550725016375,0.33375827423826665,112.35956633031921,11342
2021,"Yasmani Grandal","CHW",342,0.23099415,0.22222222,1.03947368,0.23622047,0.41642229,0.52362205,0.94004434,0.28740158,0.23602484,66.1135988510369,24.675438982915754,0.40145708458864093,158.2297383574735,11368
2021,"Ronald Torreyes","PHI",319,0.05329154,0.11285266,0.47222222,0.2440678,0.2866242,0.3559322,0.6425564,0.1118644,0.256917,29.31979235339035,-9.331590681494582,0.2788794600544646,71.3997743696601,11400
2021,"Gary Sanchez","NYY",415,0.11807229,0.26024096,0.4537037,0.21052632,0.31325301,0.4432133,0.75646631,0.23268698,0.23043478,53.70386756953852,3.420720361145901,0.3242044228951908,105.96204356660196,11442
2021,"Mark Canha","OAK",591,0.12182741,0.20473773,0.59504132,0.23170732,0.35871404,0.39634146,0.7550555,0.16463414,0.27323944,82.33764398159816,10.729595788441436,0.3361865518056802,117.09310962049311,11445
2021,"Odubel Herrera","PHI",463,0.06263499,0.15334773,0.4084507,0.25653207,0.31019523,0.41567696,0.72587219,0.15914489,0.27777778,55.43702535694155,-0.6620039382049172,0.31251213297150915,93.25263904663282,11476
2021,"Christian Yelich","MIL",446,0.14349776,0.24887892,0.57657658,0.24202128,0.35426009,0.36170213,0.71596222,0.11968085,0.31923077,54.86681241901023,0.8275746962557533,0.3164835322200576,95.5642174890154,11477
2021,"Michael A. Taylor","KCR",505,0.06534653,0.27128713,0.24087591,0.24565217,0.30019881,0.36086957,0.66106838,0.1152174,0.31962025,50.6939083566221,-10.494017764433975,0.2891210357901116,79.94948643378903,11489
2021,"Manny Machado","SDP",605,0.09421488,0.16363636,0.57575758,0.28119181,0.34710744,0.49162011,0.83872755,0.2104283,0.29691211,92.3748088064032,19.070461671276608,0.3523441188311497,123.91699625281993,11493
2021,"Bryce Harper","PHI",564,0.16843972,0.21453901,0.78512397,0.31222707,0.43238434,0.61790393,1.05028827,0.30567686,0.35714286,124.04987803681732,55.71326351745964,0.433650244346299,171.9622545930013,11579
2021,"Willson Contreras","CHC",457,0.10722101,0.29321663,0.36567164,0.22762148,0.33260394,0.42710997,0.75971391,0.19948849,0.28451883,61.480711111488915,6.1086670771866824,0.33039862205062,105.0632744386186,11609
2021,"Elias Diaz","COL",351,0.08547009,0.16239316,0.52631579,0.2327044,0.3019943,0.46226415,0.76425845,0.22955975,0.2295082,45.613489864684965,3.0848521052974696,0.32486450025013514,88.98944248316477,11680
2021,"Nick Castellanos","CIN",550,0.06545455,0.21454545,0.30508475,0.30693069,0.36,0.55643564,0.91643564,0.24950495,0.35,98.86567726405205,32.22536168666424,0.3850669415442498,136.63882308132443,11737
2021,"J.T. Realmuto","PHI",508,0.09448819,0.24015748,0.39344262,0.27008929,0.3523622,0.45089286,0.80325506,0.18080357,0.33653846,74.19009061584366,12.638671864365458,0.34431498259246707,113.91657410832399,11739
2021,"Joc Pederson","2 Tms",466,0.07939914,0.24248927,0.32743363,0.23317308,0.30472103,0.40625,0.71097103,0.17307692,0.27739726,53.84464130210675,-2.61788062346183,0.30744966519237077,89.5711361318645,11899
2021,"Hanser Alberto","KCR",245,0.01632653,0.10612245,0.15384615,0.27272727,0.29460581,0.4025974,0.69720321,0.12987013,0.29756098,26.449798759820133,-3.2354327246526187,0.29827707437064144,86.12372806097837,11902
2021,"Joe Panik","2 Tms",247,0.06882591,0.13765182,0.5,0.19911504,0.2601626,0.27433628,0.53449888,0.07522124,0.22105263,14.31272994357824,-15.61482996117592,0.23817228589739117,47.492119438659245,11936
2021,"Travis Shaw","2 Tms",243,0.09465021,0.26337449,0.359375,0.20093458,0.28630705,0.37850467,0.66481172,0.17757009,0.23943662,24.729325165080283,-4.713577899111057,0.29050178745475547,79.15922943502639,11982
2021,"Jon Berti","MIA",271,0.11808118,0.22509225,0.52459016,0.21030043,0.31111111,0.31330472,0.62441583,0.10300429,0.26470588,25.65681619086145,-7.178684757269637,0.28221944747147737,78.8721593162365,12037
2021,"Niko Goodrum","DET",294,0.09183673,0.32993197,0.27835052,0.21374046,0.29251701,0.33587786,0.62839487,0.1221374,0.30625,26.95877456982017,-8.663503211547127,0.2786194888912902,74.25828046054613,12092
2021,"Max Kepler","MIN",464,0.11422414,0.20043103,0.56989247,0.21144279,0.31034483,0.42537313,0.73571796,0.21393034,0.22525597,56.69119435129239,0.4710008460052164,0.3154675699366406,99.17271514399512,12144
2021,"Nick Ahmed","ARI",473,0.07188161,0.21987315,0.32692308,0.22119816,0.28025478,0.33870968,0.61896446,0.11751152,0.2791411,39.58152357681933,-17.729147819734187,0.26893125843797994,64.23984153854502,12147
2021,"Eddie Rosario","2 Tms",376,0.06382979,0.1462766,0.43636364,0.26086957,0.30748663,0.44057971,0.74806634,0.17971014,0.27402135,47.01691560090841,1.459172588003292,0.31905763034514567,99.85946300577491,12155
2021,"Austin Barnes","LAD",216,0.09259259,0.25,0.37037037,0.21989529,0.30697674,0.35602094,0.66299768,0.13612565,0.27480916,22.304677099367712,-3.866792291024591,0.29260051250457764,84.53754967619899,12158
2021,"Ben Gamel","2 Tms",369,0.12195122,0.26829268,0.45454545,0.25157233,0.34332425,0.40251572,0.74583997,0.15094339,0.3364486,48.13137457910467,3.421781037184492,0.3253984115814251,103.69568253863747,12160
2021,"Xander Bogaerts","BOS",564,0.09751773,0.18439716,0.52884615,0.30382294,0.37411348,0.51509054,0.88920402,0.2112676,0.33952255,97.68895146128203,29.352336941924342,0.377151111054675,136.64983768640266,12161
2021,"Miguel Sano","MIN",496,0.10887097,0.34677419,0.31395349,0.22045455,0.30645161,0.46818182,0.77463343,0.24772727,0.28333333,66.24396545587538,6.146517226085653,0.3292203714490419,108.44671708724893,12164
2021,"Maikel Franco","BAL",403,0.04962779,0.1662531,0.29850746,0.20954907,0.25310174,0.35543767,0.60853941,0.1458886,0.22516556,31.611625925798457,-17.217550760905702,0.26259572186481867,61.75564735075422,12179
2021,"Jorge Alfaro","MIA",311,0.03536977,0.31832797,0.11111111,0.2440678,0.2829582,0.34237288,0.62533108,0.09830508,0.35416667,27.275448050056163,-10.406621303703126,0.2737913484358711,73.39599308456333,12180
2021,"Rougned Odor","NYY",351,0.07692308,0.27635328,0.27835052,0.20512821,0.29142857,0.38782051,0.67924908,0.1826923,0.245,37.02327859081004,-5.5053591685774546,0.29528049662195405,86.45761399836836,12282
2021,"Jace Peterson","MIL",285,0.13333333,0.22105263,0.6031746,0.25619835,0.36140351,0.38429752,0.74570103,0.12809917,0.32,38.53265326856649,4.00085337846554,0.33120997412162917,105.13273863635644,12325
2021,"Tommy La Stella","SFG",215,0.08372093,0.10697674,0.7826087,0.23834197,0.30516432,0.39896373,0.70412805,0.16062176,0.24242424,24.155587634921112,-1.8947175453304863,0.30358765485151756,91.62567415796363,12371
2021,"Kevin Pillar","NYM",333,0.03303303,0.23423423,0.14102564,0.22508039,0.27327327,0.41157556,0.68484883,0.18649517,0.25114155,34.81388691746593,-5.533795059388871,0.29415240624287464,88.74294256707135,12434
2021,"Curt Casali","SFG",224,0.11160714,0.28571429,0.390625,0.21134021,0.31390135,0.3556701,0.66957145,0.14432989,0.288,22.869111925488657,-4.2716711460292895,0.2911884409107574,83.56927183107784,12510
2021,"Kolten Wong","MIL",464,0.05603448,0.16810345,0.33333333,0.27251185,0.33189655,0.44549763,0.77739418,0.17298578,0.30538922,63.839610347602864,7.619416842315696,0.33409067338280235,107.00447601758523,12532
2021,"Marcus Semien","TOR",683,0.09516837,0.20204978,0.47101449,0.26797386,0.33967789,0.5375817,0.87725959,0.26960784,0.28211009,114.23383496939925,31.478679443297654,0.36995344786832485,132.97562514290084,12533
2021,"C.J. Cron","COL",510,0.11176471,0.21568627,0.51818182,0.27853881,0.37254902,0.53196347,0.90451249,0.25342466,0.31147541,90.50603005183552,28.71228288007592,0.3822951591931857,126.3050736638144,12546
2021,"Eugenio Suarez","CIN",535,0.09719626,0.3046729,0.3190184,0.18259023,0.27102804,0.39278132,0.66380936,0.21019109,0.20629371,52.80480653031019,-12.018045894967045,0.2870861100259228,72.97567452966247,12552
2021,"Trevor Story","COL",563,0.08703375,0.23623446,0.36842105,0.24899598,0.3268206,0.47389558,0.80071618,0.2248996,0.29106628,80.2619043099382,12.046454000721232,0.3401054299026462,98.89225258895318,12564
2021,"Alex Dickerson","SFG",305,0.07213115,0.24590164,0.29333333,0.23381295,0.30163934,0.42446043,0.72609977,0.19064748,0.27368421,36.462932642622974,-0.49215145029208573,0.3122899559767623,97.28000348639073,12649
2021,"Brad Miller","PHI",350,0.11428571,0.30571429,0.37383178,0.22977346,0.32,0.46278317,0.78278317,0.23300971,0.28415301,48.07964317679768,5.672169627550894,0.3338308286392826,107.10448402685502,12775
2021,"George Springer","TOR",300,0.11,0.23666667,0.46478873,0.23754789,0.33110368,0.50191571,0.83301939,0.26436782,0.25862069,45.95897890288932,9.609715860677785,0.3529617778406847,121.51753926029963,12856
2021,"Brian Goodwin","CHW",271,0.12177122,0.21402214,0.56896552,0.2212766,0.31851852,0.37446809,0.69298661,0.15319149,0.25882353,30.96682843071149,-1.8686725174195924,0.30590515975598936,93.79568571877395,12858
2021,"James McCann","NYM",385,0.08051948,0.27532468,0.29245283,0.23782235,0.3012987,0.35816619,0.65946489,0.12034384,0.30932203,38.41940424927468,-8.228816654896786,0.28840382521351177,85.00779598418956,12859
2021,"Anthony Rendon","LAA",249,0.11646586,0.16465863,0.70731707,0.23963134,0.32931727,0.38248848,0.71180575,0.14285714,0.26744186,29.311497199545737,-0.858391125489834,0.3100732984813119,95.42036252368791,12861
2021,"Gregory Polanco","PIT",382,0.09424084,0.27225131,0.34615385,0.20833333,0.28272251,0.35416667,0.63688918,0.14583334,0.25764192,33.990649856055704,-12.294078417693648,0.2753366426417702,71.19271367446427,12907
2021,"Francisco Lindor","NYM",482,0.11410788,0.17427386,0.6547619,0.23244552,0.32773109,0.40435835,0.73208944,0.17191283,0.25079365,60.131548374154754,1.7303990863348924,0.3185802127238567,104.61493557520507,12916
2021,"Brandon Nimmo","NYM",343,0.14577259,0.21865889,0.66666667,0.29861111,0.40935673,0.42361111,0.83296784,0.125,0.38647343,57.204829377280646,15.645505299018797,0.36937910980648464,137.62157249711174,12927
2021,"Phillip Evans","PIT",247,0.11336032,0.2145749,0.52830189,0.20560748,0.31174089,0.29906542,0.61080631,0.09345794,0.25,22.544556508861394,-7.38300339589277,0.27810815485512336,72.9935066562879,12950
2021,"Austin Hedges","CLE",292,0.04794521,0.28424658,0.1686747,0.17602996,0.21754386,0.29962547,0.51716933,0.12359551,0.21348315,13.35804581726704,-22.02190354381885,0.22307465739653143,36.658808189062,12976
2021,"Michael Perez","PIT",210,0.07619048,0.28571429,0.26666667,0.140625,0.21428571,0.296875,0.51116071,0.15625,0.16,9.649504547905446,-15.794979581642627,0.22332039689333244,37.39510317385179,12977
2021,"Javier Baez","2 Tms",515,0.05242718,0.33592233,0.15606936,0.26483051,0.31906615,0.50423729,0.82330344,0.23940678,0.34686347,76.61792956404224,14.21836134157911,0.3475997569039464,118.41121874148152,12979
2021,"Jackie Bradley Jr.","MIL",414,0.06521739,0.30193237,0.216,0.1631016,0.23671498,0.26470588,0.50142086,0.10160428,0.22357724,19.827321661350503,-30.334661336901412,0.22566798977229907,36.55672306323085,12984
2021,"Teoscar Hernandez","TOR",557,0.06104129,0.24955117,0.24460432,0.30291262,0.35304659,0.53203883,0.88508542,0.22912621,0.36206897,95.58209344181816,28.0936283934454,0.37521004655416823,136.52033611567668,13066
2021,"Josh Bell","WSN",530,0.11132075,0.17735849,0.62765957,0.25695931,0.33962264,0.48179872,0.82142136,0.22483941,0.26647564,79.85046093757991,15.633429563006208,0.34989700692169595,116.86582619822852,13145
2021,"Jorge Polanco","MIN",610,0.0704918,0.18032787,0.39090909,0.27338129,0.32786885,0.51079137,0.83866022,0.23741008,0.28741093,94.01763509701327,20.107466911183145,0.35408679188274944,125.21502652703987,13152
2021,"Mike Zunino","TBR",355,0.09295775,0.35492958,0.26190476,0.21269841,0.29859155,0.55555556,0.85414711,0.34285715,0.22641509,55.27255040580349,12.259255805853176,0.3559846988866027,132.19558278037994,13265
2021,"Max Muncy","LAD",558,0.13978495,0.20430108,0.68421053,0.25,0.36917563,0.53632479,0.90550042,0.28632479,0.25625,98.84273970334164,31.233110444828185,0.3819019583207143,142.56125821971654,13301
2021,"Jake Lamb","2 Tms",170,0.12941176,0.3,0.43137255,0.19444444,0.30588235,0.36805556,0.67393791,0.17361112,0.23863636,18.279127512465436,-2.3187882114544314,0.29775234811446244,87.37799300818405,13329
2021,"Omar Narvaez","MIL",421,0.09501188,0.18289786,0.51948052,0.27717391,0.35391924,0.42119565,0.77511489,0.14402174,0.31818182,58.18640078526122,7.176268316024378,0.3348457131659585,107.49506391250928,13338
2021,"Tyler Naquin","CIN",454,0.07709251,0.23348018,0.33018868,0.27007299,0.33259912,0.47688564,0.80948476,0.20681265,0.3183391,66.49631769019656,11.487766286316448,0.3448277317135539,110.49335408136068,13359
2021,"Stephen Piscotty","OAK",188,0.06914894,0.25531915,0.27083333,0.21965318,0.28191489,0.35260116,0.63451605,0.13294798,0.275,17.237554320464476,-5.541317185988083,0.2786105516109061,78.26757016879452,13367
2021,"Erik Gonzalez","PIT",229,0.0349345,0.17467249,0.2,0.23181818,0.25764192,0.3,0.55764192,0.06818182,0.27374302,14.417016558401755,-13.329587563819715,0.24387798507140712,50.75241776042846,13369
2021,"Christian Walker","ARI",413,0.08716707,0.23970944,0.36363636,0.23719677,0.30992736,0.36657682,0.67650418,0.12938005,0.29811321,43.99865599593565,-6.042162792175559,0.2965556160338874,82.18879700279356,13419
2021,"Tom Murphy","SEA",303,0.11881188,0.31683168,0.375,0.21072797,0.30564784,0.36781609,0.67346393,0.15708812,0.28025478,32.28959583360126,-4.423159839032386,0.29659435479743934,91.24333628189387,13499
2021,"Jose Ramirez","CLE",591,0.11844332,0.13536379,0.875,0.26470588,0.35871404,0.54509804,0.90381208,0.28039216,0.25062657,101.69375849691733,30.085710303760607,0.3757770457489355,139.63144580349268,13510
2021,"Jesse Winker","CIN",485,0.10927835,0.15463918,0.70666667,0.30496454,0.39381443,0.55555556,0.94936999,0.25059102,0.32407407,94.51411737244146,35.74947545419948,0.4033426590694869,148.51348980610882,13590
2021,"Patrick Wisdom","CHC",362,0.0801105,0.40883978,0.19594595,0.2347561,0.30470914,0.52134146,0.8260506,0.28658536,0.32679739,53.8215509799506,9.960106909015353,0.34750001000033487,116.17491928395407,13602
2021,"Mookie Betts","LAD",509,0.1237721,0.15717092,0.7875,0.2737819,0.37524558,0.49883991,0.87408549,0.22505801,0.28955224,86.3558576647187,24.683274703099798,0.3728604340224106,136.68651827705025,13611
2021,"Ketel Marte","ARI",337,0.08605341,0.16320475,0.52727273,0.32459016,0.38575668,0.53442623,0.92018291,0.20983607,0.36401674,61.821575688630034,20.98923687121241,0.3895287242478239,142.5981720592449,13613
2021,"Carson Kelly","ARI",331,0.13293051,0.20241692,0.65671642,0.23550725,0.34743202,0.40942029,0.75685231,0.17391304,0.26237624,44.55233587317649,4.446982316603098,0.330480949083964,104.23181790967016,13620
2021,"Jeimer Candelario","DET",592,0.09797297,0.22128378,0.44274809,0.27495292,0.34966216,0.45386064,0.8035228,0.17890772,0.33854167,87.63469070953117,15.905478306233737,0.34671821368325584,120.17966640393455,13621
2021,"Corey Seager","LAD",370,0.11891892,0.16216216,0.73333333,0.28930818,0.38108108,0.45597484,0.83705592,0.16666666,0.32669323,59.33395770317109,14.503199951110199,0.3616234906341719,129.38530246670834,13624
2021,"Tyrone Taylor","MIL",245,0.07346939,0.22040816,0.33333333,0.24657534,0.32244898,0.47488584,0.79733482,0.2283105,0.27272727,34.756405366895336,5.07117388242258,0.33926139845222725,110.36416008143222,13675
2021,"Jacob Stallings","PIT",414,0.11352657,0.20048309,0.56626506,0.23966942,0.32850242,0.36639118,0.6948936,0.12672176,0.28832117,47.926633081030666,-2.2353499172212468,0.30771363875716207,92.22970102606915,13723
2021,"David Dahl","TEX",220,0.04545455,0.26818182,0.16949153,0.2097561,0.24657534,0.32195122,0.56852656,0.11219512,0.26896552,14.289374937404313,-12.366751293550813,0.24628993583052125,53.90494093711954,13744
2021,"Chris Taylor","LAD",560,0.10357143,0.28571429,0.3625,0.25714286,0.34347048,0.44693878,0.79040926,0.18979592,0.33865815,80.00494080973803,12.152983130943182,0.34047394573581496,115.6433633772009,13757
2021,"Matt Duffy","CHC",281,0.07829181,0.21352313,0.36666667,0.26587302,0.33807829,0.35714286,0.69522115,0.09126984,0.32978723,32.95742993104953,-1.0897131184886006,0.30955274758389834,91.51864553213738,13836
2021,"Joey Wendle","TBR",474,0.05485232,0.21518987,0.25490196,0.27126437,0.32489451,0.43218391,0.75707842,0.16091954,0.32923077,60.892212001204875,3.4603763945106603,0.3230653222571028,109.99687929750097,13853
2021,"Eric Haase","DET",347,0.06628242,0.30835735,0.21495327,0.225,0.2795389,0.46875,0.7482889,0.24375,0.25906736,42.64327956765936,0.5992986488346883,0.3163282438382635,99.68663164707114,14111
2021,"Joey Gallo","2 Tms",584,0.18664384,0.34246575,0.545,0.20425532,0.35787671,0.4787234,0.83660011,0.27446808,0.24892704,92.07513855348502,21.315239831313225,0.3583116249305185,129.31601459547397,14128
2021,"Daniel Vogelbach","MIL",242,0.16528926,0.21487603,0.76923077,0.20792079,0.33884298,0.36633663,0.70517961,0.15841584,0.23943662,29.392989624718645,0.0712507706680098,0.3145964205017723,94.33806466102774,14130
2021,"Byron Buxton","MIN",215,0.04186047,0.24651163,0.16981132,0.29353234,0.33953488,0.5920398,0.93157468,0.29850746,0.3358209,39.65901707628922,13.608711896037622,0.39075414025506305,149.94112031616095,14161
2021,"Carlos Correa","HOU",613,0.11745514,0.18107667,0.64864865,0.28142589,0.36644951,0.48405253,0.85050204,0.20262664,0.31188119,99.30350833227996,25.029847516027726,0.3635985600013359,134.43651823072653,14162
2021,"Jorge Soler","2 Tms",568,0.10915493,0.23943662,0.45588235,0.21721311,0.30892857,0.41803279,0.72696136,0.20081968,0.24624625,68.92526766928395,0.10399630936345172,0.3145783796906471,95.23017198618481,14221
2021,"Mitch Haniger","SEA",651,0.07987711,0.24270353,0.32911392,0.25042882,0.31797235,0.47512864,0.79310099,0.22469982,0.27959698,90.74552877693691,11.867627975337893,0.33627704240508,118.00278028717099,14274
2021,"Wilmer Difo","PIT",227,0.08810573,0.22026432,0.4,0.26699029,0.33039648,0.36407767,0.69447415,0.09708738,0.33766234,25.972642021857727,-1.5316336800823338,0.30608428889959394,91.17102923876567,14320
2021,"Matt Olson","OAK",633,0.12796209,0.164297,0.77884615,0.27255639,0.37124803,0.54887218,0.92012021,0.27631579,0.26683292,112.09355493189427,35.39660991282795,0.3818360764180485,147.87620349281912,14344
2021,"Raimel Tapia","COL",496,0.07862903,0.13104839,0.6,0.27212389,0.32727273,0.37168142,0.69895415,0.09955753,0.3038961,56.19932460397609,-3.8981236258136427,0.3047402845676724,75.91371213239024,14350
2021,"Lewis Brinson","MIA",260,0.05,0.24230769,0.20634921,0.2295082,0.27027027,0.3852459,0.65551617,0.1557377,0.27586207,24.56848982912664,-6.934204807456687,0.2820013687877581,78.73046246163314,14352
2021,"Harold Ramirez","CLE",330,0.04242424,0.15454545,0.2745098,0.26623377,0.30606061,0.39935065,0.70541126,0.13311688,0.2992126,36.97117602500342,-3.013013321429263,0.30320360957670356,90.69260323509087,14387
2021,"Pedro Severino","BAL",390,0.07692308,0.26410256,0.29126214,0.23943662,0.2974359,0.37464789,0.67208379,0.13521127,0.30487805,39.842809197628135,-7.411232757246856,0.2912691892878868,81.09118363124026,14523
2021,"Anthony Santander","BAL",430,0.05348837,0.23488372,0.22772277,0.24371859,0.28904429,0.4321608,0.72120509,0.18844221,0.28169014,49.71866230737818,-2.3819480531250097,0.30754438257995464,92.06612383388659,14551
2021,"Nomar Mazara","DET",181,0.08287293,0.24861878,0.33333333,0.21212121,0.27624309,0.32121212,0.59745521,0.10909091,0.27118644,14.351985828473817,-7.578736206993806,0.263625609281972,64.14737552904238,14553
2021,"Franmil Reyes","CLE",438,0.0913242,0.3173516,0.28776978,0.25888325,0.32876712,0.54314721,0.87191433,0.28426396,0.31718062,71.17605278176246,18.10612874013363,0.3642107870386935,131.8319072397872,14566
2021,"David Bote","CHC",303,0.07590759,0.22112211,0.34328358,0.19343066,0.2615894,0.32481752,0.58640692,0.13138686,0.2238806,22.685613600687653,-14.027142071945997,0.2582793452881819,58.203698347893926,14593
2021,"Harold Castro","DET",310,0.04516129,0.21935484,0.20588235,0.28472222,0.31372549,0.35069444,0.66441993,0.06597222,0.35746606,31.374132962407057,-6.186772181211528,0.29011577484654444,82.01063391326558,14691
2021,"Manuel Margot","TBR",443,0.07900677,0.14672686,0.53846154,0.25870647,0.31674208,0.39054726,0.70728934,0.13184079,0.28398792,50.52005045399678,-3.1556946383355813,0.3056295573711395,98.23932449757665,14712
2021,"Brett Phillips","TBR",281,0.11743772,0.38790036,0.30275229,0.20576132,0.3046595,0.41975309,0.72441259,0.21399177,0.30327869,33.921409187459666,-0.12573386207847131,0.31369962871715584,103.68125989362417,14735
2021,"Yu Chang","CLE",228,0.03947368,0.27631579,0.14285714,0.23041475,0.26315789,0.42396313,0.68712102,0.19354838,0.28571429,23.234525712833488,-4.390914199247275,0.2909606574920186,82.43674632316291,14773
2021,"Luke Voit","NYY",240,0.0875,0.30416667,0.28767123,0.24056604,0.32916667,0.43867925,0.76784592,0.19811321,0.3125,32.90416839912798,3.824757965358757,0.33350480198860166,112.23361912213612,14811
2021,"Kyle Farmer","CIN",504,0.04365079,0.18452381,0.23655914,0.26086957,0.31411531,0.41086957,0.72498488,0.15,0.29411765,60.53363427450656,-0.5331276364088178,0.31296183815990314,89.7884561579535,14813
2021,"Mike Yastrzemski","SFG",504,0.09126984,0.24603175,0.37096774,0.22247191,0.30616302,0.45617978,0.7623428,0.23370787,0.25,64.680802997537,3.614041086621629,0.3229085923674589,104.17947367337884,14854
2021,"Pat Valaika","BAL",247,0.06477733,0.26315789,0.24615385,0.19911504,0.25609756,0.27876106,0.53485862,0.07964602,0.25786164,14.520648127154553,-15.406911777599609,0.23883921053351426,45.73578899296572,14885
2021,"Tony Kemp","OAK",363,0.14049587,0.13498623,1.04081633,0.25838926,0.37325905,0.38926174,0.76252079,0.13087248,0.28744939,51.30568865404863,7.323080372972674,0.3386268984308482,118.73872192163869,14894
2021,"Victor Caratini","SDP",332,0.10240964,0.22891566,0.44736842,0.22068966,0.30722892,0.31034483,0.61757375,0.08965517,0.27358491,27.49746439191662,-12.729053374797479,0.2678938765584687,69.04536232487247,14968
2021,"Dom Nunez","COL",248,0.12903226,0.34274194,0.37647059,0.17674419,0.28225806,0.36744186,0.64969992,0.19069767,0.24390244,22.627021679438776,-7.42170243545609,0.27806522074292916,58.58156129651939,15055
2021,"Ryan McMahon","COL",560,0.10178571,0.24464286,0.41605839,0.25506073,0.33392857,0.44939271,0.78332128,0.19433198,0.30588235,77.80991857429036,9.957960895495507,0.33573577053658,96.05306181019357,15112
2021,"Hunter Dozier","KCR",506,0.08102767,0.28656126,0.28275862,0.21365639,0.28458498,0.3876652,0.67225018,0.17400881,0.27424749,51.42457812226852,-9.884512208928262,0.2906267661822172,80.96485385327892,15117
2021,"Trey Mancini","BAL",581,0.08433735,0.23407917,0.36029412,0.2543021,0.32702238,0.43977055,0.76679293,0.18546845,0.30517711,77.45264833350143,7.056242241751758,0.32892158043859737,106.48152671042807,15149
2021,"Mitch Garver","MIN",222,0.13063063,0.2972973,0.43939394,0.2617801,0.36486486,0.53926702,0.90413188,0.27748692,0.33035714,39.662357812134196,12.763903160897662,0.38374146577474233,145.21222513802167,15161
2021,"Josh VanMeter","ARI",293,0.11262799,0.27303754,0.4125,0.20622568,0.29692833,0.3463035,0.64323183,0.14007782,0.27586207,28.25926940788758,-7.241844163339018,0.2843631859932336,74.26675273295388,15170
2021,"Tim Anderson","CHW",516,0.03875969,0.21705426,0.17857143,0.30566802,0.33333333,0.46761134,0.80094467,0.16194332,0.36784741,74.40693954800707,11.886207115403245,0.34208593762036665,118.19366775320546,15172
2021,"Chad Pinder","OAK",202,0.06930693,0.26732673,0.25925926,0.23243243,0.29207921,0.36756757,0.65964678,0.13513514,0.31007752,20.007180695867174,-4.4679897525552565,0.28750300171351667,84.26406473446782,15191
2021,"Jake Bauers","2 Tms",309,0.09385113,0.24595469,0.38157895,0.21299639,0.29220779,0.28158845,0.57379624,0.06859206,0.27918782,23.477432044700407,-13.96230888877747,0.2596879203467105,64.4786929264144,15194
2021,"Adam Frazier","2 Tms",604,0.07615894,0.10927152,0.6969697,0.30642202,0.37043189,0.40733945,0.77777134,0.10091743,0.34243697,86.24918339928412,13.066000474298246,0.34063109775384265,114.24474252968115,15223
2021,"Mike Tauchman","2 Tms",191,0.12041885,0.30366492,0.39655172,0.18072289,0.28421053,0.28313253,0.56734306,0.10240964,0.25,14.499217051447872,-8.643147085426802,0.25960980465537625,62.92300821663501,15274
2021,"Garrett Cooper","MIA",250,0.12,0.272,0.44117647,0.28372093,0.38,0.46511628,0.84511628,0.18139535,0.37410072,41.18102179047525,10.889969255298968,0.36689639377593997,133.891094427782,15279
2021,"Frank Schwindel","2 Tms",213,0.0657277,0.16901408,0.38888889,0.34170854,0.38497653,0.63819095,1.02316748,0.29648241,0.36241611,45.62581745441001,19.817840694439823,0.4264941492351875,168.11883978874144,15351
2021,"Jeff McNeil","NYM",406,0.06650246,0.13300493,0.5,0.25474255,0.32019704,0.36856369,0.68876073,0.11382114,0.2815534,45.630992839426035,-3.5616764777002383,0.3036360529255984,94.90495199501532,15362
2021,"Jack Mayfield","2 Tms",250,0.06,0.24,0.25,0.20960699,0.26720648,0.40611354,0.67332002,0.19650655,0.23899371,25.1721634749778,-5.118889060198477,0.2892744705261972,82.22758768981515,15402
2021,"Kris Bryant","2 Tms",556,0.10611511,0.23021583,0.4609375,0.26844262,0.35611511,0.49590164,0.85201675,0.22745902,0.31547619,89.58087190603555,22.213571067803525,0.36258274403171264,127.24811294968791,15429
2021,"Hunter Renfroe","BOS",535,0.08037383,0.22616822,0.3553719,0.26185567,0.31962617,0.50309278,0.82271895,0.24123711,0.28947368,79.31990028902543,14.497047863748202,0.3469961491700645,116.31527713418006,15464
2021,"Aristides Aquino","CIN",191,0.13089005,0.36649215,0.35714286,0.17791411,0.28795812,0.39263804,0.68059616,0.21472393,0.23255814,19.584845398615485,-3.55751873825919,0.29172540657104007,75.99006234971037,15482
2021,"Victor Reyes","DET",215,0.0372093,0.25581395,0.14545455,0.25,0.27699531,0.40686275,0.68385806,0.15686275,0.31724138,21.950148220039566,-4.100156960212034,0.2911877917571807,82.73353294612639,15487
2021,"J.P. Crawford","SEA",645,0.08372093,0.16589147,0.5046729,0.26632302,0.33074534,0.36941581,0.70016115,0.10309279,0.3106383,75.03313355300172,-3.117781987753074,0.30839737583391413,99.20253208136995,15491
2021,"Amed Rosario","CLE",550,0.04909091,0.20727273,0.23684211,0.27906977,0.31636364,0.40503876,0.7214024,0.12596899,0.33838384,65.27008896440537,-1.370226612982436,0.31122896627946334,96.10438596092939,15518
2021,"Willians Astudillo","MIN",208,0.01442308,0.05769231,0.25,0.24,0.26442308,0.385,0.64942308,0.145,0.22527473,19.071607689112593,-6.1305480201540705,0.2786121265246318,74.31978219689763,15608
2021,"Aaron Judge","NYY",595,0.11596639,0.25546218,0.45394737,0.28653846,0.37142857,0.53653846,0.90796703,0.25,0.33731343,106.71649109736832,34.623786063648794,0.38458301667218264,146.6774712933695,15640
2021,"Dominic Smith","NYM",481,0.06652807,0.22869023,0.29090909,0.24423963,0.30561331,0.36175115,0.66736446,0.11751152,0.29780564,49.006960157401885,-9.273024920277273,0.29093618806070476,86.65320141328517,15653
2021,"Billy McKinney","3 Tms",300,0.10666667,0.26333333,0.40506329,0.19245283,0.28,0.35849057,0.63849057,0.16603774,0.23463687,27.029540931381664,-9.319722110829868,0.27687410220203784,73.78809516940878,15654
2021,"Austin Meadows","TBR",567,0.1005291,0.20811287,0.48305085,0.23185484,0.31393298,0.45362903,0.76756201,0.22177419,0.24722222,74.01483297448856,5.314725824708753,0.3255712487173419,111.68671440789299,15672
2021,"Reese McGuire","TOR",211,0.07109005,0.1943128,0.36585366,0.26041667,0.31904762,0.35416667,0.67321429,0.09375,0.32450331,22.53075725999684,-3.03489107969194,0.29685366664613994,83.68184943511766,15674
2021,"Jose Abreu","CHW",623,0.09149278,0.21990369,0.41605839,0.2630597,0.34991974,0.4869403,0.83686004,0.2238806,0.29473684,96.68285055569643,21.197547638037143,0.35537042829298204,127.151871083769,15676
2021,"Rowdy Tellez","2 Tms",318,0.06918239,0.20125786,0.34375,0.24054983,0.30188679,0.40893471,0.7108215,0.16838488,0.2718894,35.5114766252706,-3.0187421994736243,0.30256270299291915,86.70022964884681,15679
2021,"Tyler O'Neill","STL",499,0.0761523,0.32264529,0.23602484,0.27865169,0.34869739,0.53258427,0.88128166,0.25393258,0.36679537,84.6458185717237,24.184877711511838,0.3728278266165204,137.33670903155596,15711
2021,"Yonathan Daza","COL",318,0.05974843,0.18238994,0.32758621,0.28178694,0.32907348,0.35738832,0.6864618,0.07560138,0.34482759,35.41731658867084,-3.112902236073379,0.3024074140067299,74.39792702655245,15794
2021,"Luis Torrens","SEA",345,0.08115942,0.26376812,0.30769231,0.23642173,0.29855072,0.4313099,0.72986062,0.19488817,0.28095238,40.995250343041505,-0.8064021555017591,0.31141503155231476,101.23744438424025,15905
2021,"Aledmys Diaz","HOU",297,0.05050505,0.19191919,0.26315789,0.27106227,0.32996633,0.42490842,0.75487475,0.15384615,0.31730769,38.806108337637234,2.820337925847812,0.3257195379774449,108.89334991397664,15937
2021,"Austin Nola","SDP",194,0.07216495,0.09793814,0.73684211,0.2716763,0.34020619,0.37572254,0.71592873,0.10404624,0.29220779,23.715211653215174,0.20935488591838405,0.3155450077400994,100.00673503483424,15941
2021,"Clint Frazier","NYY",218,0.14678899,0.29816514,0.49230769,0.18579235,0.31651376,0.31693989,0.63345365,0.13114754,0.25663717,21.934050202026853,-4.479747608646861,0.28940019038839077,82.4923149000124,15983
2021,"Willy Adames","2 Tms",520,0.10192308,0.28269231,0.36054422,0.2639485,0.33846154,0.47639485,0.81485639,0.21244635,0.33892617,77.73191463909984,14.726525365933195,0.3484173443505759,118.76444724868851,15986
2021,"Cody Bellinger","LAD",337,0.09198813,0.2611276,0.35227273,0.1589404,0.23738872,0.29139073,0.52877945,0.13245033,0.1875,17.942603428658714,-22.889735388758908,0.23213523466195632,45.25017166703915,15998
2021,"Austin Slater","SFG",299,0.09364548,0.28093645,0.33333333,0.23220974,0.31438127,0.4082397,0.72262097,0.17602996,0.29651163,35.80110759038282,-0.42699124168800484,0.3125142481190588,97.42573754225371,16153
2021,"J.D. Davis","NYM",211,0.11374408,0.32227488,0.35294118,0.2849162,0.38388626,0.43575419,0.81964045,0.15083799,0.42592593,33.105553078620574,7.539904738931795,0.3574365241186959,129.86186485888422,16219
2021,"Bradley Zimmer","CLE",317,0.09463722,0.3533123,0.26785714,0.22509225,0.33123028,0.33579336,0.66702364,0.11070111,0.35064935,35.08843819991533,-3.3206164146881916,0.301578009166176,89.59640320976567,16221
2021,"Trea Turner","2 Tms",607,0.06425041,0.17133443,0.375,0.32078853,0.36902801,0.50358423,0.87261224,0.1827957,0.36009174,102.77546325371696,29.228787698308956,0.37247364434472013,133.02827322325936,16252
2021,"Nick Gordon","MIN",189,0.05820106,0.25396825,0.22916667,0.26285714,0.31746032,0.39428571,0.71174603,0.13142857,0.34146341,22.306447755940482,-0.5935879606527811,0.31044401441301617,95.78515344275728,16337
2021,"Oscar Mercado","CLE",208,0.09134615,0.16826923,0.54285714,0.21925134,0.29807692,0.37433155,0.67240847,0.15508021,0.23972603,21.879294239114547,-3.322861470152115,0.29492932156874585,85.11295729926852,16375
2021,"Michael Conforto","NYM",445,0.12359551,0.22022472,0.56122449,0.22340426,0.33932584,0.36702128,0.70634712,0.14361702,0.26865672,53.928688825316364,0.010615312702588404,0.31426935109812304,101.81394869019982,16376
2021,"Francisco Mejia","TBR",257,0.05058366,0.17898833,0.2826087,0.24786325,0.3046875,0.41025641,0.71494391,0.16239316,0.2826087,29.888813874850616,-1.2503881313105973,0.30835923412814736,100.08004237066731,16403
2021,"Sergio Alcantara","CHC",219,0.12785388,0.28310502,0.4516129,0.19892473,0.30733945,0.30645161,0.61379106,0.10752688,0.27642276,19.271301400515775,-7.263660620298643,0.2741472296140812,68.51387291353191,16417
2021,"Jordan Luplow","2 Tms",190,0.14736842,0.28947368,0.50909091,0.2,0.32631579,0.45,0.77631579,0.25,0.22340426,26.476328205192445,3.455128278458471,0.3362226969317386,115.10510563774916,16424
2021,"Christian Arroyo","BOS",177,0.03954802,0.24293785,0.1627907,0.26086957,0.32,0.44720497,0.76720497,0.1863354,0.32142857,23.90636047403956,2.4602952791347565,0.33104302610669817,105.55752031225427,16434
2021,"Ryan O'Hearn","KCR",247,0.048583,0.27935223,0.17391304,0.2173913,0.25910931,0.36521739,0.6243267,0.14782609,0.26451613,20.60403144144879,-9.32352846330537,0.2686112404834886,66.11900386935707,16442
2021,"Rhys Hoskins","PHI",443,0.10609481,0.24379233,0.43518519,0.24678663,0.33408578,0.52956298,0.86364876,0.28277635,0.26953125,72.09038382434422,18.414638732011852,0.3644886210594436,127.02441696542834,16472
2021,"Kyle Schwarber","2 Tms",440,0.12727273,0.275,0.46280992,0.26595745,0.36818182,0.56117021,0.92935203,0.29521276,0.30530973,81.3356591982149,28.023406736304665,0.39125544226522596,144.66864999118923,16478
2021,"Matt Chapman","OAK",592,0.12837838,0.31925676,0.4021164,0.21868787,0.32094595,0.42147117,0.74241712,0.2027833,0.28040541,75.09784872551484,3.3686363222174114,0.3211189977623321,106.9325234045074,16505
2021,"Isiah Kiner-Falefa","TEX",643,0.03888025,0.13685848,0.28409091,0.27152318,0.31152648,0.35761589,0.66914237,0.08609271,0.3072407,66.21231191999578,-11.696275200477606,0.2922519534826279,84.8987599518955,16512
2021,"Mauricio Dubon","SFG",187,0.04812834,0.21925134,0.2195122,0.24,0.27807487,0.37714286,0.65521773,0.13714286,0.28244275,17.014288045684115,-5.643419250627739,0.2777600030641298,74.84413018654395,16530
2021,"Danny Jansen","TOR",185,0.09189189,0.22162162,0.41463415,0.21212121,0.29347826,0.42424242,0.71772068,0.21212121,0.23275862,21.715568768769575,-0.6998101072608699,0.30966785744480463,92.32291287669216,16535
2021,"Ozzie Albies","ATL",648,0.07253086,0.1882716,0.3852459,0.25844595,0.3132716,0.49155405,0.80482565,0.2331081,0.27578475,91.62834236325826,13.113934192081356,0.33870399385782957,108.94707450045652,16556
2021,"Connor Joe","COL",211,0.12322275,0.1943128,0.63414634,0.2849162,0.37914692,0.46927374,0.84842066,0.18435754,0.32330827,34.633117110780404,9.06746877109162,0.3661879171127392,115.8393761448743,16572
2021,"Yandy Diaz","TBR",520,0.12884615,0.15769231,0.81707317,0.25727069,0.35576923,0.38702461,0.74279384,0.12975392,0.28932584,68.13914202902956,5.133752755862911,0.32617467433907266,112.09362571127318,16578
2021,"Luis Urias","MIL",545,0.10825688,0.20183486,0.53636364,0.24893617,0.34195933,0.44042553,0.78238486,0.19148936,0.28070175,76.47071156519463,10.436217038510357,0.33738816050348674,109.14702174982934,16622
2021,"Jose Trevino","TEX",284,0.03873239,0.19014085,0.2037037,0.22014925,0.24822695,0.30597015,0.5541971,0.0858209,0.26168224,16.802070688741427,-17.608564991218824,0.23929151521458744,49.185657645395125,16725
2021,"Joshua Fuentes","COL",284,0.04225352,0.22887324,0.18461538,0.22509225,0.25704225,0.35055351,0.60759576,0.12546126,0.27,21.851563666152106,-12.559072013808143,0.2607841495911561,47.35316710125899,16885
2021,"Colin Moran","PIT",321,0.08411215,0.25233645,0.33333333,0.26643599,0.33021807,0.40138408,0.73160215,0.13494809,0.33663366,40.08097499729198,1.187263542125646,0.31871149101732676,99.3755671239409,16909
2021,"Jonah Heim","TEX",270,0.04814815,0.21111111,0.22807018,0.19047619,0.23048327,0.3452381,0.57572137,0.15476191,0.20634921,17.666605012450137,-15.047731725540242,0.24687036838673304,54.296347200736584,16930
2021,"Lane Thomas","2 Tms",219,0.14155251,0.24200913,0.58490566,0.24064171,0.34703196,0.4171123,0.76414426,0.17647059,0.30232558,29.690643103783778,3.1556810829693562,0.3322964398139114,106.4912042515065,16939
2021,"Gleyber Torres","NYY",479,0.10020877,0.20250522,0.49484536,0.25707547,0.3312369,0.35377358,0.68501048,0.09669811,0.31481481,53.55544708303942,-4.482209574358325,0.3029291021222828,91.6153400230818,16997
2021,"Edmundo Sosa","STL",315,0.05079365,0.19047619,0.26666667,0.27598566,0.34824281,0.39784946,0.74609227,0.1218638,0.33023256,41.19597920261035,3.0292530082882423,0.3258653078048559,106.82276293478303,17022
2021,"Magneuris Sierra","MIA",210,0.06666667,0.20952381,0.31818182,0.23589744,0.28708134,0.27692308,0.56400442,0.04102564,0.30463576,13.410220902437418,-12.034263227110655,0.24496808400968226,54.66804664368149,17023
2021,"Alex Verdugo","BOS",577,0.08838821,0.1559792,0.56666667,0.28957529,0.35467128,0.43243243,0.78710371,0.14285714,0.32619048,81.09778748401486,11.18603823282801,0.33767528571448957,110.02988824655174,17027
2021,"Ramon Laureano","OAK",378,0.07142857,0.25925926,0.2755102,0.24633431,0.31746032,0.44281525,0.76027557,0.19648094,0.30434783,49.94440614807222,4.144334714885691,0.32749379122698746,111.23127278482423,17128
2021,"Yoan Moncada","CHW",579,0.13816926,0.25215889,0.54794521,0.26283368,0.37651123,0.40041068,0.77692191,0.137577,0.35045317,84.64541452303307,14.491336851564808,0.3444950240293589,119.81820018162115,17232
2021,"Jorge Mateo","2 Tms",209,0.0430622,0.26315789,0.16363636,0.24742268,0.29326923,0.37628866,0.66955789,0.12886598,0.32352941,21.24530543025825,-4.078014489149118,0.29084544628858566,82.51684770187497,17273
2021,"Bobby Bradley","CLE",251,0.09561753,0.34262948,0.27906977,0.22374429,0.31474104,0.47488584,0.78962688,0.25114155,0.28333333,34.808719612889526,4.396502867572543,0.3354140739440918,112.41326203082072,17278
2021,"Willi Castro","DET",432,0.05324074,0.24768519,0.21495327,0.21265823,0.26806527,0.3443038,0.61236907,0.13164557,0.26595745,35.11792778116643,-17.22501099961818,0.2660417425855298,65.77665992845368,17338
2021,"Rafael Devers","BOS",624,0.09775641,0.21794872,0.44852941,0.27486438,0.35096154,0.52802893,0.87899047,0.25316455,0.30490956,103.62830166949612,28.021834541696144,0.36852455911991855,130.83264768810517,17350
2021,"Yermin Mercedes","CHW",262,0.07633588,0.17557252,0.43478261,0.27083333,0.32824427,0.40416667,0.73241094,0.13333334,0.30851064,32.43553969562503,0.690516638760295,0.31742642208990923,101.56488162966974,17423
2021,"Kelvin Gutierrez","2 Tms",262,0.0648855,0.25954198,0.25,0.20746888,0.27099237,0.27385892,0.54485129,0.06639004,0.28488372,16.855559605939696,-14.889463450925044,0.24554348310441462,50.423041508245,17468
2021,"Eloy Jimenez","CHW",194,0.06185567,0.2371134,0.26086957,0.25,0.29896907,0.45,0.74896907,0.2,0.28571429,24.356830467836144,0.8509737005393511,0.31954294135890055,102.99212565670379,17484
2021,"Taylor Ward","LAA",232,0.08189655,0.23706897,0.34545455,0.24019608,0.32173913,0.42647059,0.74820972,0.18627451,0.28873239,30.087188412180843,1.977091659537259,0.3245419813239056,105.17710864392681,17548
2021,"Myles Straw","2 Tms",595,0.10756303,0.20168067,0.53333333,0.26526718,0.34511785,0.33778626,0.68290411,0.07251908,0.33415842,68.06310639603434,-4.029598637685191,0.3060667872027516,94.49104881882174,17620
2021,"Alex Bregman","HOU",365,0.10958904,0.13972603,0.78431373,0.28616352,0.36712329,0.43396226,0.80108555,0.14779874,0.31034483,53.47597384728874,9.251037145931383,0.34487832946460334,121.81280267580729,17678
2021,"Kevin Newman","PIT",520,0.04807692,0.07307692,0.65789474,0.22222222,0.26070039,0.30864198,0.56934237,0.08641976,0.23146067,34.43764632644544,-28.567742946721214,0.24783061863854527,53.32064558678582,17696
2021,"Matt Beaty","LAD",227,0.08810573,0.1938326,0.45454545,0.25888325,0.35682819,0.36548223,0.72231042,0.10659898,0.31081081,29.431378384665706,1.927102682725646,0.3245026855216677,105.26602021921474,17710
2021,"Steven Duggar","SFG",282,0.08865248,0.30141844,0.29411765,0.25882353,0.32978723,0.44705882,0.77684605,0.18823529,0.35802469,37.97119287523856,3.8028856155597173,0.330541895281884,109.13922028759269,17719
2021,"DJ Stewart","BAL",318,0.13836478,0.27987421,0.49438202,0.2037037,0.32389937,0.37407407,0.69797344,0.17037037,0.25443787,37.30288541655107,-1.2273334081931544,0.30957504251401885,93.43546986550187,17766
2021,"Willie Calhoun","TEX",254,0.07874016,0.12204724,0.64516129,0.25862069,0.32283465,0.37931034,0.70214499,0.12068965,0.28061224,29.521171337159508,-1.2545380385795886,0.30827002027842004,95.70031063648817,17838
2021,"Andrew Benintendi","KCR",499,0.06212425,0.18837675,0.32978723,0.27608696,0.31927711,0.43913043,0.75840754,0.16304347,0.31179775,64.66534633923332,4.204405479021476,0.32442559104367913,103.75660047757546,17901
2021,"Brendan Rodgers","COL",378,0.05026455,0.1957672,0.25675676,0.28409091,0.33068783,0.47443182,0.80511965,0.19034091,0.3219697,55.24318535386173,9.443113920675204,0.3444388953466264,101.70792632868873,17907
2021,"Ian Happ","CHC",493,0.10750507,0.29614604,0.3630137,0.22632794,0.31771894,0.43187067,0.74958961,0.20554273,0.28409091,64.11505568038818,4.381100081020568,0.32498279535600466,101.54433533546492,17919
2021,"Isan Diaz","MIA",278,0.12230216,0.26258993,0.46575342,0.19246862,0.29241877,0.28033473,0.5727535,0.08786611,0.25454545,19.37639413210571,-14.307256287010311,0.2520288567701389,59.2557911869027,17922
2021,"Cedric Mullins","BAL",643,0.08864697,0.18195956,0.48717949,0.30017452,0.36817473,0.53228621,0.90046094,0.23211169,0.33178654,113.18886881147024,35.28028169099685,0.3805661307980648,141.30727911878543,17929
2021,"Andrew Stevenson","WSN",193,0.05699482,0.29015544,0.19642857,0.22285714,0.28272251,0.32,0.60272251,0.09714286,0.30172414,15.214122649101853,-8.170569908054233,0.26306582064855666,60.44717139644808,17932
2021,"Sam Hilliard","COL",201,0.08955224,0.36318408,0.24657534,0.21428571,0.28855721,0.46703297,0.75559018,0.25274726,0.27835052,24.874214314867984,0.520208076586256,0.31736905191411924,84.1192670265722,17954
2021,"Ty France","SEA",610,0.06721311,0.16885246,0.39805825,0.29128015,0.36557377,0.44341373,0.8089875,0.15213358,0.33018868,92.74346192631192,18.833293740481814,0.3515618066678102,128.30983905966292,17982
2021,"Tyler Stephenson","CIN",373,0.10723861,0.18766756,0.57142857,0.27863777,0.36461126,0.41795666,0.78256792,0.13931889,0.3266129,53.655335785562826,8.461085403079824,0.34166114753292454,108.43586267239012,17988
2021,"David Fletcher","LAA",631,0.0459588,0.09033281,0.50877193,0.26936027,0.304,0.32828283,0.63228283,0.05892256,0.29477612,57.50844060429829,-18.946175994486627,0.27794504509522366,73.75514150910001,17992
2021,"Paul DeJong","STL",370,0.09189189,0.26216216,0.35051546,0.19571865,0.28648649,0.382263,0.66874949,0.18654435,0.21962617,38.247129620935574,-6.583628131125316,0.2927313385783015,85.2939315063442,18015
2021,"Harrison Bader","STL",366,0.07377049,0.21038251,0.35064935,0.25225225,0.31420765,0.42042042,0.73462807,0.16816817,0.29268293,43.39938276238114,-0.9467181491169304,0.31111371715863545,97.2379013640994,18030
2021,"Jake Cronenworth","SDP",610,0.08688525,0.13934426,0.62352941,0.26815642,0.34385382,0.45810056,0.80195438,0.18994414,0.28571429,87.95634401418197,14.04617582835184,0.342075339499736,117.2448460588532,18036
2021,"Dylan Moore","SEA",361,0.10526316,0.29639889,0.35514019,0.18238994,0.27700831,0.33962264,0.61663095,0.1572327,0.23,31.539275382024528,-12.201004478770018,0.27338519651143506,75.5925775000123,18042
2021,"LaMonte Wade Jr.","SFG",349,0.08882521,0.23209169,0.38271605,0.26860841,0.34393064,0.51779935,0.86172999,0.24919094,0.30805687,56.87807096237914,14.591761623273063,0.3647813624229984,131.38635015122108,18126
2021,"Seth Brown","OAK",277,0.08303249,0.29241877,0.28395062,0.20717131,0.27436823,0.4501992,0.72456743,0.24302789,0.23076923,31.279991313279194,-2.282494895696123,0.30427980596368964,95.57725900091563,18171
2021,"Brian Anderson","MIA",264,0.09848485,0.24621212,0.4,0.24892704,0.33712121,0.3776824,0.71480361,0.12875536,0.31677019,32.004818524856795,0.017467047710642704,0.3143204942004371,99.72984826315414,18289
2021,"Dansby Swanson","ATL",620,0.07419355,0.2483871,0.2987013,0.2459893,0.30533118,0.44741533,0.75274651,0.20142603,0.28865979,77.33046166661693,2.2086513793797615,0.3185467301345453,95.84987115032534,18314
2021,"Kyle Tucker","HOU",532,0.09210526,0.15413534,0.59756098,0.29473684,0.35849057,0.55368421,0.91217478,0.25894737,0.30458221,93.64310170188652,29.183741907031415,0.38055212361471996,145.86890760636206,18345
2021,"Austin Riley","ATL",624,0.08333333,0.24519231,0.33986928,0.30072464,0.36858974,0.5326087,0.90119844,0.23188406,0.35733333,109.93397593159267,34.32750880379269,0.38073994415749307,136.2599775139117,18360
2021,"Victor Robles","WSN",369,0.08943089,0.2303523,0.38823529,0.2031746,0.30958904,0.2952381,0.60482714,0.0920635,0.27074236,32.36906617231506,-12.340527369605132,0.2738138822560811,67.43073575448537,18363
2021,"Ryan Mountcastle","BAL",549,0.07103825,0.27140255,0.26174497,0.26,0.3132969,0.496,0.8092969,0.236,0.30275229,78.54190969519523,12.022758327948127,0.34071283444871,114.43278758659048,18373
2021,"Ronald Acuna Jr.","ATL",360,0.13611111,0.23611111,0.57647059,0.28282828,0.39444444,0.5959596,0.99040404,0.31313132,0.31088083,72.72592751698993,29.10681186633608,0.4119760190974401,156.5556501292307,18401
2021,"Trent Grisham","SDP",493,0.10750507,0.22718053,0.47321429,0.24009324,0.32926829,0.41258741,0.7418557,0.17249417,0.2875817,62.64174167642948,2.90778607706186,0.321370289033773,103.79171769529462,18564
2021,"Luis Arraez","MIN",447,0.09619687,0.10067114,0.95555556,0.28211587,0.35123043,0.3627204,0.71395083,0.08060453,0.30985915,54.0964841495983,-0.06391778329688225,0.3140676632356108,98.22870839351468,18568
2021,"Ke'Bryan Hayes","PIT",381,0.08136483,0.22309711,0.36470588,0.25936599,0.32020997,0.37752161,0.69773158,0.11815562,0.3255814,43.34042375511236,-2.823140308496287,0.3052834094040037,90.65065694237214,18577
2021,"Jared Walsh","LAA",545,0.08256881,0.26605505,0.31034483,0.26720648,0.33211009,0.49595142,0.82806151,0.22874494,0.32407407,81.82489775806724,15.79040323138295,0.3492638049302278,121.84791131340987,18607
2021,"Guillermo Heredia","ATL",338,0.09467456,0.23668639,0.4,0.22483221,0.31360947,0.36241611,0.67602558,0.1375839,0.28971963,35.78284759794827,-5.170655429610059,0.29574829251018925,81.036562274153,18721
2021,"Ramon Urias","BAL",296,0.09459459,0.25675676,0.36842105,0.27862595,0.36148649,0.41221374,0.77370023,0.13358779,0.36871508,42.3375032132117,6.472897011562987,0.3406747780941628,114.40712483666236,18795
2021,"Andy Ibanez","TEX",239,0.05439331,0.13389121,0.40625,0.26576577,0.31092437,0.40990991,0.72083428,0.14414414,0.28648649,28.390757938887226,-0.5674882847412948,0.3113702685893083,97.79091805446193,18819
2021,"Josh Naylor","CLE",250,0.056,0.18,0.31111111,0.25321888,0.30120482,0.39914163,0.70034645,0.14592275,0.28729282,27.768940883528316,-2.5221116516479607,0.3020454390395072,89.9116077555231,18839
2021,"Brandon Lowe","TBR",583,0.11492281,0.27444254,0.41875,0.23611111,0.33447684,0.49007937,0.82455621,0.25396826,0.2715655,87.71544734347017,17.07671283143911,0.3496480702530329,127.92256929956926,18882
2021,"Danny Mendick","CHW",186,0.09677419,0.22580645,0.42857143,0.2195122,0.3027027,0.28658537,0.58928807,0.06707317,0.28099174,15.44533404364388,-7.09120904252727,0.26815466945235794,68.3391909006841,18889
2021,"Zack Collins","CHW",222,0.14414414,0.3018018,0.47761194,0.20744681,0.32579186,0.33510638,0.66089824,0.12765957,0.2991453,23.70669704993428,-3.191757601302253,0.29686102054335856,87.69690180501183,19181
2021,"Will Smith","LAD",473,0.11839323,0.19661734,0.60215054,0.26666667,0.37632135,0.51282051,0.88914186,0.24615384,0.28113879,81.28601135296738,23.975339956413862,0.3755127684648103,138.4098753765825,19197
2021,"Yuli Gurriel","HOU",581,0.09982788,0.11359725,0.87878788,0.31692913,0.383821,0.45866142,0.84248242,0.14173229,0.33485194,93.53172252891883,23.135316437169166,0.3623753549315563,133.61166765872457,19198
2021,"Lourdes Gurriel Jr.","TOR",525,0.06095238,0.19047619,0.32,0.28512397,0.32824427,0.48140496,0.80964923,0.19628099,0.31707317,76.11612072418326,12.504910400313085,0.3430331560211473,114.82231734749932,19238
2021,"Pete Alonso","NYM",596,0.09228188,0.20469799,0.45081967,0.26045627,0.34060403,0.51711027,0.8577143,0.256654,0.27345845,95.13440698306864,22.9205377392084,0.3607282902786978,132.00069339089498,19251
2021,"Cavan Biggio","TOR",290,0.12758621,0.26896552,0.47435897,0.21544715,0.31597222,0.3495935,0.66556572,0.13414635,0.27878788,29.984312156219687,-5.153308784584796,0.29275981738017154,80.92122164493661,19252
2021,"Jake Fraley","SEA",245,0.17959184,0.26938776,0.66666667,0.20707071,0.35102041,0.36868687,0.71970728,0.16161616,0.256,31.1739662294517,1.4887347449789496,0.3215858477060912,108.09598652851138,19260
2021,"Garrett Hampson","COL",475,0.06947368,0.24,0.28947368,0.23963134,0.29661017,0.39170507,0.68831524,0.15207373,0.29903537,50.4378126206007,-7.115187196234224,0.2961332468276328,70.32128028890861,19262
2021,"Adolis Garcia","TEX",584,0.05308219,0.31335616,0.16939891,0.24080882,0.2859589,0.45772059,0.74367949,0.21691177,0.30149254,71.25572240916124,0.495823686989444,0.3152668159710218,100.41849818476531,19287
2021,"Randy Arozarena","TBR",569,0.08611599,0.27592267,0.31210191,0.27145709,0.34973638,0.45708583,0.80682221,0.18562874,0.35454545,83.90004150422527,14.957605934164057,0.34601730634803907,125.47421639634109,19290
2021,"Nick Solak","TEX",487,0.06160164,0.21355236,0.28846154,0.23515982,0.30515464,0.35844749,0.66360213,0.12328767,0.28307692,50.419107077535074,-8.587863260988316,0.2929239917047245,85.35193916574836,19294
2021,"Bryan Reynolds","PIT",612,0.11601307,0.1879085,0.6173913,0.29300567,0.38235294,0.50850662,0.89085956,0.21550095,0.33248731,106.19655214923125,32.044055543119725,0.37753360133525754,137.59529530202056,19326
2021,"Yadiel Hernandez","WSN",270,0.07037037,0.21111111,0.33333333,0.27419355,0.32592593,0.4233871,0.74931303,0.14919355,0.32065217,34.50410298598967,1.789766247999285,0.3222534714135096,98.9044098652631,19334
2021,"Nicky Lopez","KCR",524,0.08587786,0.13358779,0.64285714,0.30368764,0.36914063,0.37960954,0.74875017,0.0759219,0.35294118,70.92451856122823,7.4344724474987585,0.33139110612683,108.45369440121384,19339
2021,"Eli White","TEX",220,0.08181818,0.3,0.27272727,0.17676768,0.25909091,0.30808081,0.56717172,0.13131313,0.23015873,15.572750262392512,-11.083375968562612,0.25334159352562646,58.660123879925486,19346
2021,"DJ Peters","2 Tms",217,0.05529954,0.35483871,0.15584416,0.2,0.24884793,0.42,0.66884793,0.22,0.24561404,19.32954858568858,-6.9630850148444265,0.2749817863876271,73.4461800320575,19348
2021,"Sean Murphy","OAK",431,0.09048724,0.25290023,0.35779817,0.21693122,0.3062645,0.41269841,0.71896291,0.19576719,0.25490196,51.45309516284822,-0.7686794077956793,0.3120846173049679,100.8403201656154,19352
2021,"Austin Hays","BAL",492,0.05487805,0.20121951,0.27272727,0.25714286,0.30674847,0.47252747,0.77927594,0.21538461,0.28358209,66.65297597906427,7.0401845898373585,0.3315378488450938,108.24576930958452,19363
2021,"Zach McKinstry","LAD",172,0.05813953,0.29069767,0.2,0.21518987,0.26315789,0.40506329,0.66822118,0.18987342,0.26213592,16.295971672612303,-4.544272471588974,0.2823033669415642,77.8469684933521,19392
2021,"Tommy Edman","STL",654,0.05657492,0.14067278,0.40217391,0.2640264,0.31087289,0.39108911,0.701962,0.12706271,0.29527559,73.60504197480357,-5.636351457217569,0.3038226068019867,92.50049472497459,19470
2021,"Yordan Alvarez","HOU",563,0.08703375,0.23623446,0.36842105,0.28230616,0.35346359,0.54274354,0.89620713,0.26043738,0.32258065,97.4756260859577,29.26017577674072,0.37706497375454223,143.51739874829096,19556
2021,"Zack Short","DET",176,0.11363636,0.32386364,0.35087719,0.14666667,0.23863636,0.29333333,0.53196969,0.14666666,0.17204301,9.431739712357922,-11.893161272406177,0.2325550365447998,43.19538609745554,19562
2021,"Nathaniel Lowe","TEX",604,0.12582781,0.25331126,0.49673203,0.26003824,0.35430464,0.40152964,0.75583428,0.1414914,0.33798883,82.05468150377594,8.871498578790046,0.3319954984816746,111.69924225512611,19566
2021,"Chas McCormick","HOU",299,0.07023411,0.32107023,0.21875,0.25842697,0.31438127,0.4494382,0.76381947,0.19101123,0.33939394,38.80896367767081,2.5808648455999874,0.3246745983493767,108.18871005332356,19599
2021,"Bryan De La Cruz","MIA",184,0.08695652,0.23913043,0.36363636,0.31325301,0.375,0.46987952,0.84487952,0.15662651,0.39830508,29.660801723443253,7.366587057553514,0.36263643197023154,131.12317975448704,19600
2021,"Vladimir Guerrero Jr.","TOR",659,0.12594841,0.15933232,0.79047619,0.32161687,0.41122914,0.61335677,1.02458591,0.2917399,0.32619048,141.84242610977017,61.99521162704551,0.4279594938813543,172.0911597458122,19611
2021,"Bo Bichette","TOR",653,0.05972435,0.19448698,0.30708661,0.29139073,0.33843798,0.46523179,0.80366977,0.17384106,0.32967033,95.5770898482692,16.45686062638876,0.34470501336715487,115.94971006539292,19612
2021,"Brent Rooker","MIN",188,0.07446809,0.31914894,0.23333333,0.20359281,0.29255319,0.40718563,0.69973882,0.20359282,0.26262626,21.285220539674903,-1.4936509667776587,0.30463652978552147,91.86896053673472,19627
2021,"Fernando Tatis Jr.","SDP",514,0.11867704,0.26848249,0.44202899,0.28411633,0.36964981,0.61521253,0.98486234,0.3310962,0.31868132,101.64619406063267,39.36779004831025,0.40682498317336285,159.3159952824669,19709
2021,"Josh Rojas","ARI",525,0.1047619,0.24571429,0.42635659,0.26781857,0.34423077,0.41900648,0.76323725,0.15118791,0.34769231,71.12207089945261,7.510860575582427,0.3315343225163072,104.91624840759968,19734
2021,"Shohei Ohtani","LAA",599,0.14023372,0.30217028,0.4640884,0.25540275,0.3639399,0.58939096,0.95333086,0.33398821,0.29824561,110.44205709058802,37.86469521630567,0.39065362268114745,149.7585337350904,19755
2021,"Abraham Toro","2 Tms",339,0.07964602,0.14454277,0.55102041,0.24422442,0.31858407,0.38283828,0.70142235,0.13861386,0.2601626,39.31986268784619,-1.7548045498528413,0.30798318217285964,98.20701440690144,19844
2021,"Pavin Smith","ARI",525,0.07238095,0.19047619,0.38,0.26348548,0.32190476,0.40248963,0.72439439,0.13900415,0.31182796,63.64946436786235,0.03825404399216334,0.3143285954271564,93.73680909644139,19892
2021,"Jesus Sanchez","MIA",226,0.07964602,0.31415929,0.25352113,0.24509804,0.31415929,0.49019608,0.80435537,0.24509804,0.30578512,31.568950629714163,4.185839137914805,0.33662949549243054,114.22514536650381,19913
2021,"Daulton Varsho","ARI",277,0.10108303,0.22743682,0.44444444,0.24193548,0.31884058,0.4516129,0.77045348,0.20967742,0.2816092,36.473929659447606,2.911443450472288,0.32694592886355334,101.93493479551697,19918
2021,"Ryan McKenna","BAL",171,0.12280702,0.36842105,0.33333333,0.18367347,0.28994083,0.27210884,0.56204967,0.08843537,0.30487805,12.878167066253658,-7.8409128678069155,0.2588123203029294,59.20436546062939,19928
2021,"Andres Gimenez","CLE",189,0.05820106,0.26984127,0.21568627,0.20588235,0.2712766,0.32941176,0.60068836,0.12352941,0.26495726,15.15055320388308,-7.749482512710184,0.26467597104133445,64.7120497948481,19950
2021,"Gavin Lux","LAD",363,0.10192837,0.2231405,0.45679012,0.24610592,0.32782369,0.37383178,0.70165547,0.12772586,0.30638298,41.803330829044704,-2.1792774520312537,0.30698336491624406,93.88282319032794,19955
2021,"Carter Kieboom","WSN",221,0.09954751,0.25339367,0.39285714,0.20833333,0.30316742,0.32291667,0.62608409,0.11458334,0.25757576,20.78601194238711,-5.991278498708718,0.2814696843807514,72.40510125427035,19958
2021,"Taylor Trammell","SEA",178,0.09550562,0.42134831,0.22666667,0.16025641,0.25568182,0.35897436,0.61465618,0.19871795,0.23287671,15.00224716777197,-6.564982237273541,0.2696570550853556,73.07855947982863,19960
2021,"Bobby Dalbec","BOS",433,0.06466513,0.33949192,0.19047619,0.24685139,0.30715935,0.49874055,0.8058999,0.25188916,0.32894737,61.683268508635926,9.219165517710618,0.33997787148864184,111.58260351876308,19966
2021,"Santiago Espinal","TOR",213,0.08450704,0.13615023,0.62068966,0.29015544,0.35377358,0.37823834,0.73201192,0.0880829,0.33333333,27.46070952310972,1.6527327631395357,0.32362009219403537,101.73139972647485,19997
2021,"Keston Hiura","MIL",193,0.07253886,0.39378238,0.18421053,0.16568047,0.2565445,0.30177515,0.55831965,0.13609468,0.26666667,13.181194126323284,-10.203498430832802,0.2503329883695273,52.582831898897986,20003
2021,"Luis Robert","CHW",262,0.04198473,0.20229008,0.20754717,0.35510204,0.39312977,0.55918367,0.95231344,0.20408163,0.42391304,51.21019497211898,19.46517191525424,0.40404895895742365,159.97753119161612,20043
2021,"Juan Soto","WSN",611,0.21440262,0.13747954,1.55952381,0.32489451,0.46972177,0.55907173,1.0287935,0.23417722,0.34246575,132.99973998307755,58.96840758710672,0.4309049303248777,169.5008098124855,20123
2021,"Dylan Carlson","STL",591,0.08798646,0.24365482,0.36111111,0.26204239,0.33728814,0.42196532,0.75925346,0.15992293,0.32880435,78.13707231836356,6.529024125206843,0.3275948116163007,107.94650985918102,20126
2021,"Brandon Marsh","LAA",225,0.08,0.36,0.22222222,0.25365854,0.31696429,0.36097561,0.6779399,0.10731707,0.40983607,24.305471779820778,-2.956475501837873,0.29835680393236025,87.5195146042935,20202
2021,"Alex Kirilloff","MIN",231,0.06060606,0.22510823,0.26923077,0.25116279,0.2987013,0.42325581,0.72195711,0.17209302,0.29487179,26.510700832201476,-1.4782317103014044,0.30650497315752456,93.12891818588649,20325
2021,"Luis Garcia","WSN",220,0.04545455,0.16818182,0.27027027,0.23809524,0.27272727,0.41428571,0.68701298,0.17619047,0.26347305,22.453013258602052,-4.203112972353073,0.29114601329037043,78.69230616222823,20391
2021,"Jazz Chisholm Jr.","MIA",466,0.06652361,0.28540773,0.23308271,0.24882629,0.30387931,0.42957746,0.73345677,0.18075117,0.31899642,56.5906520936293,0.1281301680607181,0.31457288820168067,99.89384153148755,20454
2021,"William Contreras","ATL",176,0.09659091,0.30113636,0.32075472,0.21153846,0.29545455,0.38461538,0.68006993,0.17307692,0.26804124,18.462859374996846,-2.8620416097672545,0.29458323206220355,80.27956302009068,20503
2021,"Nick Madrigal","CHW",215,0.05116279,0.07906977,0.64705882,0.305,0.34883721,0.425,0.77383721,0.12,0.32417582,29.75040682434756,3.7001016440959638,0.33504396760186483,113.44501755440548,20521
2021,"Trevor Larnach","MIN",301,0.10299003,0.34551495,0.29807692,0.22307692,0.32225914,0.35,0.67225914,0.12692308,0.33774834,33.046483258278705,-3.4239439940735346,0.3004899555662542,89.07277844011573,21501
2021,"Jonathan India","CIN",593,0.11467116,0.23102867,0.49635036,0.26706827,0.37668919,0.45381526,0.83050445,0.18674699,0.32753623,94.98330230965047,23.13292569621233,0.3613964206272777,121.25887716659165,21523
2021,"Alec Bohm","PHI",407,0.07616708,0.26535627,0.28703704,0.24528302,0.3022113,0.34231806,0.64452936,0.09703504,0.32307692,39.051761626716655,-10.262071900550323,0.28376150482702606,74.57188810634857,21618
2021,"Akil Baddoo","DET",418,0.09090909,0.27511962,0.33043478,0.25925926,0.32535885,0.45238095,0.7777398,0.19312169,0.33730159,56.81272304091543,6.166083202100697,0.33207223855620094,110.30336580680344,22168
2021,"Taylor Walls","TBR",176,0.13068182,0.27840909,0.46938776,0.21052632,0.31428571,0.29605263,0.61033834,0.08552631,0.30392157,16.16712651161184,-5.157774473152258,0.2788155119759696,80.15766245387846,22458
2021,"Jarred Kelenic","SEA",341,0.09677419,0.29325513,0.33,0.17377049,0.25806452,0.3442623,0.60232682,0.17049181,0.20725389,27.286422599079916,-14.030573058900526,0.26450332483588074,69.60321634297489,22558
2021,"Alejandro Kirk","TOR",179,0.10055866,0.11731844,0.85714286,0.25,0.33519553,0.45512821,0.79032374,0.20512821,0.24031008,25.470385470641144,3.781991855454932,0.33978092004466987,112.62921925482529,22581
2021,"Wander Franco","TBR",271,0.08118081,0.12915129,0.62857143,0.28455285,0.34686347,0.46341463,0.8102781,0.17886178,0.30731707,40.38365852438832,7.548157576257236,0.34790964452103057,126.75028715747231,23667
2021,"Ryan Jeffers","MIN",277,0.07942238,0.36101083,0.22,0.19920319,0.27436823,0.39840637,0.6727746,0.19920318,0.26811594,28.287712494550753,-5.274773714424564,0.2912216302720218,82.82281789848267,24618
2021,"Owen Miller","CLE",186,0.0483871,0.2688172,0.18,0.2,0.24193548,0.30857143,0.55050691,0.10857143,0.25409836,11.214744899848162,-11.321798186322988,0.24066002394563407,48.517244697590705,24655
2021,"Andrew Vaughn","CHW",449,0.08685969,0.21380846,0.40625,0.2406015,0.31403118,0.4085213,0.72255248,0.1679198,0.27645051,53.984165892851806,-0.4185644603247891,0.31311363897769645,98.65661898024321,26197
2021,"Yoshi Tsutsugo","3 Tms",222,0.12162162,0.27027027,0.45,0.22797927,0.32126697,0.41968912,0.74095609,0.19170985,0.28571429,28.143652574824802,1.2451979235882682,0.3215046074595387,103.17699770455252,27459
2021,"Shogo Akiyama","CIN",183,0.07650273,0.21857923,0.35,0.2037037,0.28176796,0.25308642,0.53485438,0.04938272,0.26829268,11.429898801087948,-10.743151654661087,0.24327606625027126,44.51005241027444,27461
2021,"Ha-Seong Kim","SDP",279,0.07168459,0.23655914,0.3030303,0.208,0.27436823,0.352,0.62636823,0.144,0.25,23.995808785744885,-9.80900584351184,0.2717412904552791,71.54522355953198,27506