Season,Name,Tm,IP,TBF,K/9,BB/9,K/BB,HR/9,K%,BB%,K-BB%,AVG,WHIP,BABIP,LOB%,FIP,xFIP,playerId
2021,"Adam Ottavino","BOS",62,276,10.30645161,5.08064516,2.02857143,0.72580645,0.25724638,0.12681159,0.13043479,0.23913043,1.4516129,0.3164557,0.73333333,3.959722985883789,4.704237355243775,1247
2021,"Matt Moore","PHI",73,334,7.76712329,4.68493151,1.65789474,1.84931507,0.18862275,0.11377246,0.07485029,0.27368421,1.5890411,0.29166667,0.65979381,5.7584415058837894,5.262548955009408,1890
2021,"Zack Greinke","HOU",171,697,6.31578947,1.89473684,3.33333333,1.57894737,0.17216643,0.05164993,0.1205165,0.25153374,1.16959064,0.2632613,0.75,4.713260055883789,4.207319391122338,1943
2021,"Clayton Kershaw","LAD",121.2,488,10.65205479,1.55342466,6.85714286,1.10958904,0.29508197,0.04303279,0.25204918,0.22391304,1.01917808,0.28852459,0.71698113,2.9967976658837894,2.8732893645028024,2036
2021,"Adam Wainwright","STL",206.1,828,7.58966074,2.180937,3.48,0.91599354,0.21014493,0.06038647,0.14975846,0.21960784,1.05654281,0.25609756,0.78441296,3.6637461258837893,3.871348283731665,2233
2021,"Corey Kluber","NYY",80,341,9.225,3.7125,2.48484848,0.9,0.24046921,0.09677419,0.14369502,0.24749164,1.3375,0.30985915,0.74404762,3.844400405883789,4.375009719654917,2429
2021,"Lance Lynn","CHW",157,641,10.08917197,2.57961783,3.91111111,1.03184713,0.27457098,0.07020281,0.20436817,0.20918367,1.07006369,0.2625,0.81491713,3.315897225883789,3.8146638456043926,2520
2021,"Jhoulys Chacin","COL",64.1,269,6.57512953,3.91709845,1.67857143,1.11917098,0.17472119,0.10408922,0.07063197,0.22175732,1.25906736,0.24193548,0.70200573,4.630540305883789,4.686980801343488,2608
2021,"Ross Detwiler","2 Tms",52.1,229,10.66242038,3.43949045,3.1,1.71974522,0.27074236,0.08733624,0.18340612,0.22222222,1.22292994,0.26356589,0.75862069,4.889145625883789,4.32685074840161,2859
2021,"Kenley Jansen","LAD",69,278,11.2173913,4.69565217,2.38888889,0.52173913,0.30935252,0.1294964,0.17985612,0.15254237,1.04347826,0.21333333,0.7748538,3.082443885883789,4.0421201407909395,3096
2021,"Tony Watson","2 Tms",57.1,225,6.90697674,2.8255814,2.44444444,0.62790698,0.19555556,0.08,0.11555556,0.19323671,1.01162791,0.22641509,0.61068702,3.483353895883789,4.299786310760659,3132
2021,"Max Scherzer","2 Tms",179.1,693,11.84386617,1.80669145,6.55555556,1.15427509,0.34054834,0.05194805,0.28860029,0.18478261,0.86431227,0.24742268,0.84337349,2.9742331158837896,3.235371251045447,3137
2021,"David Price","LAD",73.2,326,7.08597285,3.17647059,2.23076923,0.97737557,0.17791411,0.0797546,0.09815951,0.27241379,1.42533937,0.30869565,0.75664622,4.228223935883789,4.493079001002162,3184
2021,"Ervin Santana","KCR",65.1,277,7.16326531,3.03061225,2.36363636,1.23979592,0.18772563,0.07942238,0.10830325,0.25896414,1.33163265,0.29166667,0.70680628,4.47042081588379,4.894160136425181,3200
2021,"Danny Duffy","KCR",61,252,9.59016393,3.24590164,2.95454545,0.8852459,0.25793651,0.08730159,0.17063492,0.22608696,1.21311475,0.28930818,0.83841463,3.3989086058837894,4.23176627442485,3542
2021,"Liam Hendriks","CHW",71,267,14.32394366,0.88732394,16.14285714,1.3943662,0.42322097,0.02621723,0.39700374,0.1744186,0.73239437,0.25185185,0.79787234,2.3384144858837894,2.1384753070247005,3548
2021,"Yusmeiro Petit","OAK",78,313,4.26923077,1.38461538,3.08333333,1.38461538,0.11821086,0.03833866,0.0798722,0.23310811,1.03846154,0.22709163,0.7208589,4.720682455883789,5.276862283624135,4020
2021,"Jake Arrieta","2 Tms",98.2,469,7.57094595,4.01351351,1.88636364,2.18918919,0.17697228,0.09381663,0.08315565,0.3195122,1.77364865,0.34294872,0.61058345,6.16940040588379,4.8491733723121,4153
2021,"Mark Melancon","SDP",64.2,265,8.21134021,3.47938144,2.36,0.55670103,0.22264151,0.09433962,0.12830189,0.2278481,1.22164948,0.28409091,0.79301075,3.3549674158837894,3.451255191924865,4264
2021,"Charlie Morton","ATL",185.2,756,10.47037702,2.81149013,3.72413793,0.77558348,0.28571429,0.07671958,0.20899471,0.20328849,1.0448833,0.26726058,0.71049841,3.1747864058837894,3.308932387890528,4676
2021,"Matt Shoemaker","MIN",60.1,284,5.96685083,4.02762431,1.48148148,2.23756906,0.14084507,0.09507042,0.04577465,0.29674797,1.65745856,0.29145729,0.57317073,6.567190465883789,5.440779554113194,4776
2021,"Rich Hill","2 Tms",158.2,661,8.50840336,3.1197479,2.72727273,1.19117647,0.2269289,0.08320726,0.14372164,0.23539519,1.21008403,0.27684964,0.77267637,4.34166931588379,4.700602846012119,4806
2021,"Jon Lester","2 Tms",141.1,627,5.79481132,3.50235849,1.65454545,1.59198113,0.14513557,0.0877193,0.05741627,0.28494624,1.51415094,0.29580574,0.73076923,5.41232493588379,5.085310418949015,4930
2021,"Jake Diekman","OAK",60.2,262,12.31318681,5.04395604,2.44117647,1.48351648,0.31679389,0.12977099,0.1870229,0.21076233,1.33516484,0.28244275,0.78873239,4.45511469588379,4.0863950009353065,5003
2021,"Jeurys Familia","NYM",59.1,262,10.92134832,4.09550562,2.66666667,1.51685393,0.27480916,0.10305344,0.17175572,0.24782609,1.41573034,0.31125828,0.76388889,4.399737485883789,3.487451584872691,5114
2021,"Jose Alvarez","SFG",64.2,266,5.84536082,2.6443299,2.21052632,0.27835052,0.15789474,0.07142857,0.08646617,0.21721311,1.11340206,0.25123153,0.70809249,3.153936485883789,4.36170123075086,5358
2021,"Michael Pineda","MIN",109.1,458,7.24390244,1.72865854,4.19047619,1.39939024,0.19213974,0.04585153,0.14628821,0.26511628,1.2347561,0.29393939,0.77738516,4.212083335883789,4.288707289170163,5372
2021,"Madison Bumgarner","ARI",146.1,613,7.62642369,2.39863326,3.17948718,1.476082,0.20228385,0.06362153,0.13866232,0.24231465,1.18223235,0.26506024,0.67819149,4.631814985883789,4.850947072346026,5524
2021,"Junior Guerra","LAA",65.1,307,8.40306122,6.33673469,1.32608696,0.82653061,0.19869707,0.14983713,0.04885994,0.26171875,1.72959184,0.31937173,0.6598513,4.745931015883789,5.28048714434437,5702
2021,"Jake Odorizzi","HOU",104.2,441,7.82484076,2.92356688,2.67647059,1.37579618,0.20634921,0.07709751,0.1292517,0.24310777,1.25159236,0.27272727,0.7437276,4.478317605883789,4.8174235994503585,6397
2021,"Trevor May","NYM",62.2,266,11.92021277,3.44680851,3.45833333,1.43617021,0.31203008,0.09022556,0.22180452,0.22727273,1.2606383,0.30201342,0.76923077,3.743868495883789,3.809256460911622,6398
2021,"Jose Cisnero","DET",61.2,265,9.04864865,4.52432432,2,0.87567568,0.23396226,0.11698113,0.11698113,0.22566372,1.32972973,0.27777778,0.67010309,4.1261571658837894,4.434984446308958,6399
2021,"Steve Cishek","LAA",68.1,308,8.42926829,5.4,1.56097561,0.26341463,0.20779221,0.13311688,0.07467533,0.23828125,1.49268293,0.3025641,0.72243346,3.7401321158837892,5.038016644284057,6483
2021,"Alex Cobb","LAA",93.1,393,9.45,3.18214286,2.96969697,0.48214286,0.24936387,0.08396947,0.1653944,0.24011299,1.26428571,0.31496063,0.65789474,2.9229718358837893,3.3797326069932514,6562
2021,"Carlos Carrasco","NYM",53.2,237,8.38509317,3.01863354,2.77777778,2.01242236,0.21097046,0.07594937,0.13502109,0.2718894,1.43478261,0.29936306,0.63122924,5.219089845883788,4.317804233815851,6632
2021,"Craig Kimbrel","2 Tms",59.2,235,15.08379888,3.46927374,4.34782609,0.90502793,0.42553191,0.09787234,0.32765957,0.15048544,0.90502793,0.24271845,0.781893,2.431970235883789,2.6624342778824746,6655
2021,"Alex Colome","MIN",65,290,8.03076923,3.18461538,2.52173913,1.10769231,0.2,0.07931034,0.12068966,0.26356589,1.4,0.30456853,0.64439141,4.23093886588379,4.2053646720372715,6661
2021,"Johnny Cueto","SFG",114.2,490,7.69186046,2.35465116,3.26666667,1.17732558,0.2,0.06122449,0.13877551,0.28539326,1.36918605,0.32653061,0.74285714,4.0502143558837895,4.273080687903185,6893
2021,"Martin Perez","BOS",114,509,7.65789474,2.84210526,2.69444444,1.5,0.19056974,0.07072692,0.11984282,0.2962963,1.50877193,0.3362069,0.71243523,4.818523215883789,4.478209528902121,6902
2021,"Ian Kennedy","2 Tms",56.1,228,9.90532544,2.71597633,3.64705882,1.91715976,0.27192982,0.0745614,0.19736842,0.21634615,1.10059172,0.24444444,0.91101695,4.74928206588379,4.454447286197983,6986
2021,"Ryan Pressly","HOU",64,250,11.390625,1.828125,6.23076923,0.5625,0.324,0.052,0.272,0.20762712,0.96875,0.29605263,0.76241135,2.0600254058837892,2.4330103530548515,7005
2021,"Daniel Bard","COL",65.2,304,10.964467,4.93401015,2.22222222,1.0964467,0.26315789,0.11842105,0.14473684,0.26538462,1.59898477,0.35260116,0.70436508,4.281075535883789,4.2020216019101415,7115
2021,"Daniel Hudson","2 Tms",51.2,210,13.06451613,2.78709677,4.6875,1.39354839,0.35714286,0.07619048,0.28095238,0.21052632,1.08387097,0.28828829,0.75892857,3.2081100858837894,3.244237103765028,7146
2021,"Greg Holland","KCR",55.2,243,8.56886227,4.20359281,2.03846154,1.45508982,0.218107,0.10699588,0.11111112,0.22897196,1.34730539,0.25974026,0.69400631,4.822095015883789,4.653789725007755,7196
2021,"Craig Stammen","SDP",88.1,355,8.45660377,1.3245283,6.38461538,1.3245283,0.23380282,0.03661972,0.1971831,0.23511905,1.04150943,0.27160494,0.83333333,3.746758895883789,3.3116882627918747,7274
2021,"J.A. Happ","2 Tms",152.1,671,7.20787746,2.83588621,2.54166667,1.77242888,0.18181818,0.07153502,0.11028316,0.28780488,1.47702407,0.31410256,0.68817204,5.13220128588379,5.108653932904435,7410
2021,"Collin McHugh","TBR",64,247,10.40625,1.6875,6.16666667,0.421875,0.29959514,0.048583,0.25101214,0.20689655,0.9375,0.28846154,0.81314879,2.1225254058837892,3.0570377789437773,7531
2021,"Jake McGee","SFG",59.2,239,8.74860335,1.50837989,5.8,1.05586592,0.24267782,0.041841,0.20083682,0.19642857,0.90502793,0.22839506,0.67099567,3.3537579458837894,4.046493200334373,7550
2021,"Jordan Lyles","TEX",180,769,7.3,2.8,2.60714286,1.9,0.18985696,0.07282185,0.11703511,0.27833572,1.38888889,0.29885057,0.75073602,5.341622625883789,4.7341143571668205,7593
2021,"Wily Peralta","DET",93.2,402,5.57295374,3.65124555,1.52631579,1.15302491,0.14427861,0.09452736,0.04975125,0.24715909,1.33451957,0.25862069,0.78431373,4.94164239588379,4.99037143925214,7738
2021,"Richard Bleier","MIA",58,225,6.82758621,0.93103448,7.33333333,0.62068966,0.19555556,0.02666667,0.16888889,0.24056604,0.98275862,0.2797619,0.73529412,3.014227995883789,2.8782119197064433,7803
2021,"Hunter Strickland","3 Tms",58.2,242,8.89772727,3.375,2.63636364,1.22727273,0.23966942,0.09090909,0.14876033,0.21296296,1.15909091,0.25,0.83333333,4.19212767588379,4.705155737601666,7836
2021,"Anthony Bass","MIA",61.1,260,8.51086957,3.52173913,2.41666667,1.61413043,0.22307692,0.09230769,0.13076923,0.24122807,1.28804348,0.26829268,0.73573574,4.930269975883789,4.324833493839739,7982
2021,"Will Smith","ATL",68,283,11.51470588,3.70588235,3.10714286,1.45588235,0.30742049,0.09893993,0.20848056,0.19758065,1.13235294,0.25,0.82582583,4.169400405883789,4.064431123961421,8048
2021,"Bryan Shaw","CLE",77.1,334,8.26293103,4.42241379,1.86842105,1.1637931,0.21257485,0.11377246,0.09880239,0.23469388,1.38362069,0.27570093,0.79787234,4.5271590258837895,4.397617273445289,8110
2021,"Brett Anderson","MIL",96,409,5.4375,2.625,2.07142857,1.03125,0.14180929,0.06845966,0.07334963,0.27642276,1.35416667,0.29354839,0.68610635,4.38815040588379,4.093241825513543,8223
2021,"Paolo Espino","WSN",109.2,455,7.55015198,2.05167173,3.68,1.55927052,0.2021978,0.05494505,0.14725275,0.25592417,1.21276596,0.27987421,0.75418994,4.45511469588379,4.455315114260491,8246
2021,"Lucas Luetge","NYY",72.1,301,9.70506912,1.86635945,5.2,0.74654378,0.25913621,0.04983389,0.20930232,0.23843416,1.13364055,0.30653266,0.71801567,2.837603165883789,3.661933100026498,8337
2021,"Deolis Guerra","OAK",65.2,269,8.49746193,2.74111675,3.1,1.0964467,0.23048327,0.07434944,0.15613383,0.218107,1.11167513,0.25714286,0.65349544,3.961278575883789,4.795793970565244,8410
2021,"Wade Miley","CIN",163.1,691,6.8877551,2.75510204,2.5,0.93673469,0.18089725,0.0723589,0.10853835,0.26592357,1.32857143,0.30241935,0.79510703,3.965318775883789,4.070623463836398,8779
2021,"Brad Hand","3 Tms",64.2,278,8.48969072,3.6185567,2.34615385,1.25257732,0.21942446,0.09352518,0.12589928,0.23529412,1.26804124,0.26704545,0.64986737,4.576616895883789,4.759157900353462,9111
2021,"Nathan Eovaldi","BOS",182.1,764,9.62522852,1.72760512,5.57142857,0.74040219,0.2552356,0.04581152,0.20942408,0.25312935,1.19012797,0.32617188,0.7044335,2.7909726158837893,3.4827198223235802,9132
2021,"Patrick Corbin","WSN",171.2,751,7.49708738,3.14563107,2.38333333,1.93980583,0.19041278,0.07989348,0.1105193,0.28571429,1.46796117,0.30511811,0.69389764,5.406293605883789,4.28999422011005,9323
2021,"Dallas Keuchel","CHW",162,720,5.27777778,3.27777778,1.61016949,1.38888889,0.13194444,0.08194444,0.05,0.2898773,1.5308642,0.3071161,0.68181818,5.2249559658837885,4.743610157054148,9434
2021,"Garrett Richards","BOS",136.2,617,7.57317073,3.95121951,1.91666667,1.25121951,0.18638574,0.09724473,0.08914101,0.28884826,1.59512195,0.33253589,0.69755601,4.720619915883789,4.707870188608677,9784
2021,"Rex Brothers","CHC",53,236,12.73584906,5.94339623,2.14285714,1.52830189,0.31779661,0.14830508,0.16949153,0.21243523,1.43396226,0.28828829,0.73487032,4.86751361588379,4.424409155688196,9794
2021,"Sergio Romo","OAK",61.2,259,8.75675676,3.06486486,2.85714286,1.31351351,0.23166023,0.08108108,0.15057915,0.23829787,1.24864865,0.28143713,0.69277108,4.239670675883789,4.574154971343221,9817
2021,"Mike Minor","KCR",158.2,669,8.45168067,2.32563025,3.63414634,1.47478992,0.22272048,0.0612855,0.16143498,0.25201939,1.24159664,0.29017857,0.66425121,4.291249145883789,4.3183618731367535,10021
2021,"Tyler Matzek","ATL",63,264,11,5.28571429,2.08108108,0.42857143,0.29166667,0.14015152,0.15151515,0.18181818,1.22222222,0.25517241,0.80213904,3.201146435883789,4.010457204542463,10058
2021,"Caleb Thielbar","MIN",64,266,10.828125,2.8125,3.85,1.125,0.28947368,0.07518797,0.21428571,0.23206751,1.171875,0.29746835,0.80838323,3.4662754058837892,4.019259378593415,10078
2021,"Kyle Gibson","2 Tms",182,753,7.66483516,3.11538462,2.46031746,0.84065934,0.20584329,0.08366534,0.12217795,0.23407407,1.21428571,0.27647059,0.73586745,3.8507190858837896,4.119728619875489,10123
2021,"Brad Boxberger","MIL",64.2,266,11.55154639,3.47938144,3.32,1.11340206,0.31203008,0.09398496,0.21804512,0.19213974,1.06701031,0.25,0.76802508,3.6487818458837893,3.7595018109098532,10133
2021,"Aroldis Chapman","NYY",56.1,243,15.49704142,6.07100592,2.55263158,1.43786982,0.39917695,0.1563786,0.24279835,0.18181818,1.31360947,0.28125,0.83850932,3.985968455883789,3.130582638497003,10233
2021,"Ryan Tepera","2 Tms",61.1,240,10.85869565,2.78804348,3.89473684,0.58695652,0.30833333,0.07916667,0.22916666,0.16431925,0.88043478,0.22302158,0.74427481,2.7291830158837893,3.6362102771512577,10291
2021,"Zack Wheeler","PHI",213.1,849,10.4203125,1.940625,5.36956522,0.675,0.29093051,0.05418139,0.23674912,0.21528662,1.0078125,0.28759398,0.75274177,2.5881504058837894,2.837232537376161,10310
2021,"Aaron Loup","NYM",56.2,218,9.05294118,2.54117647,3.5625,0.15882353,0.26146789,0.0733945,0.18807339,0.19170984,0.93529412,0.25714286,0.86330935,2.445870995883789,3.3685365296344867,10343
2021,"Mychal Givens","2 Tms",51,216,9.52941176,4.76470588,2,1.23529412,0.25,0.125,0.125,0.23369565,1.37254902,0.28571429,0.80385852,4.5419494258837885,4.452884580224168,10430
2021,"Mike Foltynewicz","TEX",139,586,6.28057554,2.33093525,2.69444444,2.26618705,0.16552901,0.06143345,0.10409556,0.25981308,1.25899281,0.25427873,0.72592593,6.01832126588379,5.05521748211744,10811
2021,"Chasen Shreve","PIT",56.1,235,7.18934911,4.47337278,1.60714286,1.1183432,0.19148936,0.11914894,0.07234042,0.21182266,1.26035503,0.23376623,0.83601286,4.731530585883789,5.152041405133465,10855
2021,"Jacob deGrom","NYM",92,324,14.2826087,1.07608696,13.27272727,0.58695652,0.45061728,0.03395062,0.41666666,0.12903226,0.55434783,0.2125,0.87155963,1.2346177958837892,1.6142301186271337,10954
2021,"Merrill Kelly","ARI",158,667,7.40506329,2.33544304,3.17073171,1.19620253,0.19490255,0.06146927,0.13343328,0.26633987,1.29113924,0.3014862,0.70548712,4.10610926588379,4.243210107880303,11156
2021,"Vince Velasquez","2 Tms",94.1,417,9.6360424,4.67491166,2.06122449,2.19434629,0.24220624,0.117506,0.12470024,0.25138122,1.48409894,0.28333333,0.67978533,5.88318132588379,4.976795121236222,11189
2021,"Jose Quintana","2 Tms",63,297,12.14285714,5,2.42857143,1.71428571,0.28619529,0.11784512,0.16835017,0.28571429,1.73015873,0.37804878,0.64377682,4.66146389588379,3.753666943595523,11423
2021,"Robbie Ray","TOR",193.1,773,11.54482759,2.46724138,4.67924528,1.5362069,0.32082794,0.06856404,0.2522639,0.21008403,1.05,0.26834862,0.90112641,3.691814195883789,3.362019240705342,11486
2021,"Jose Urena","DET",100.2,456,5.99006622,3.75496689,1.5952381,1.25165563,0.14692982,0.09210526,0.05482456,0.29166667,1.59933775,0.31914894,0.65337001,5.017082525883789,4.874255283110578,11589
2021,"Heath Hembree","2 Tms",58,243,12.87931034,3.72413793,3.45833333,1.86206897,0.34156379,0.09876543,0.24279836,0.20737327,1.18965517,0.2704918,0.5904059,4.3418141958837895,3.842501703624068,11632
2021,"Jameson Taillon","NYY",144.1,603,8.72979215,2.74364896,3.18181818,1.4965358,0.23217247,0.07296849,0.15920398,0.23765996,1.20554273,0.27249357,0.73087432,4.430370385883789,4.689213271897465,11674
2021,"Carlos Martinez","STL",82.1,363,6.23076923,3.93522267,1.58333333,0.87449393,0.15702479,0.09917355,0.05785124,0.24600639,1.37246964,0.2749004,0.58510638,4.760493525883789,5.0831910216666145,11682
2021,"Matt Harvey","BAL",127.2,582,6.69712794,2.60835509,2.56756757,1.33942559,0.16323024,0.06357388,0.09965636,0.29850746,1.54308094,0.33098592,0.60433295,4.60282077588379,4.810303437464651,11713
2021,"Luke Jackson","ATL",63.2,261,9.89528796,4.09947644,2.4137931,0.84816754,0.26819923,0.11111111,0.15708812,0.19823789,1.16230366,0.25324675,0.90236686,3.6563113958837894,3.761440984585108,11752
2021,"Drew Smyly","ATL",126.2,546,8.31315789,2.91315789,2.85365854,1.91842105,0.21428571,0.07509158,0.13919413,0.26923077,1.37368421,0.29526462,0.77424023,5.111505665883789,4.388135237489175,11760
2021,"Hansel Robles","2 Tms",69,297,9.91304348,4.82608696,2.05405405,1.04347826,0.25589226,0.12457912,0.13131314,0.22834646,1.37681159,0.29239766,0.68693694,4.299835185883789,4.5570315237494485,11801
2021,"Hector Neris","PHI",74.1,310,11.86547085,3.87443946,3.0625,1.4529148,0.31612903,0.10322581,0.21290322,0.20220588,1.17040359,0.26219512,0.76819407,4.084198615883789,3.647126726687262,11804
2021,"Taijuan Walker","NYM",159,654,8.26415094,3.11320755,2.65454545,1.47169811,0.22324159,0.08409786,0.13914373,0.22542373,1.18238994,0.25295508,0.6940874,4.5719161258837895,4.465806529132076,11836
2021,"Kyle Hendricks","CHC",181,785,6.51381215,2.1878453,2.97727273,1.54143646,0.16687898,0.05605096,0.11082802,0.27816412,1.3480663,0.29858657,0.73033708,4.893157315883789,4.606550127992314,12049
2021,"Yimi Garcia","2 Tms",57.2,237,9.36416185,2.80924856,3.33333333,1.24855491,0.25316456,0.07594937,0.17721519,0.23004695,1.16184971,0.27333333,0.61619718,3.8803830658837897,3.7597648423180052,12095
2021,"Chris Bassitt","OAK",157.1,637,9.09533898,2.2309322,4.07692308,0.85805085,0.24960754,0.06122449,0.18838305,0.21783877,1.05508475,0.27118644,0.78205128,3.3410105758837894,3.9295963512421084,12304
2021,"Blake Treinen","LAD",72.1,286,10.57603687,3.11059908,3.4,0.62211982,0.2972028,0.08741259,0.20979021,0.17898833,0.98156682,0.24404762,0.80597015,2.8790778258837895,3.248907609033513,12572
2021,"Trevor Bauer","LAD",107.2,432,11.45201238,3.09287926,3.7027027,1.58823529,0.31712963,0.08564815,0.23148148,0.18205128,1.00309598,0.22033898,0.88862559,4.033177495883789,3.6892333724574016,12703
2021,"Adrian Houser","MIL",142.1,599,6.63934426,4.04683841,1.640625,0.7587822,0.17529215,0.10684474,0.06844741,0.22779923,1.27868852,0.2591687,0.74626866,4.328650995883789,4.3111323680882645,12718
2021,"Sonny Gray","CIN",135.1,575,10.30788177,3.32512315,3.1,1.2635468,0.26956522,0.08695652,0.1826087,0.22460938,1.21921182,0.27988338,0.72404372,3.9895974458837893,3.663816010978855,12768
2021,"Andrew Kittredge","TBR",71.2,282,9.66976744,1.88372093,5.13333333,0.87906977,0.27304965,0.05319149,0.21985816,0.20992366,0.97674419,0.26666667,0.82278481,3.043819005883789,3.054298373715631,12828
2021,"Matt Barnes","BOS",54.2,222,13.82926829,3.29268293,4.2,1.31707317,0.37837838,0.09009009,0.28828829,0.20603015,1.11585366,0.30555556,0.73359073,3.2059857758837893,3.014195474301184,12863
2021,"Tyler Anderson","2 Tms",167,703,7.22155689,2.04790419,3.52631579,1.45508982,0.19061166,0.05405405,0.13655761,0.26234568,1.24550898,0.28429423,0.71261682,4.36700519588379,4.600189863172121,12880
2021,"Dylan Bundy","LAA",90.2,397,8.33823529,3.375,2.47058824,1.98529412,0.2115869,0.08564232,0.12594458,0.25284091,1.35661765,0.27272727,0.64356436,5.507635695883789,4.663908222613366,12917
2021,"Archie Bradley","PHI",51,224,7.05882353,3.88235294,1.81818182,0.88235294,0.17857143,0.09821429,0.08035714,0.25757576,1.43137255,0.2987013,0.75362319,4.345870995883789,4.5590285748827695,12918
2021,"Joe Musgrove","SDP",181.1,748,10.07536765,2.68014706,3.75925926,1.09191176,0.27139037,0.07219251,0.19919786,0.21289355,1.08088235,0.26607539,0.79694323,3.6988121658837896,3.649276356966675,12970
2021,"Joe Ross","WSN",108,460,9.08333333,2.83333333,3.20588235,1.41666667,0.23695652,0.07391304,0.16304348,0.23728814,1.22222222,0.27739726,0.71428571,4.363844845883789,4.114666131138802,12972
2021,"Andrew Chafin","2 Tms",68.2,266,8.38834952,2.49029126,3.36842105,0.52427184,0.2406015,0.07142857,0.16917293,0.18595041,0.93203884,0.23163842,0.86092715,2.9800800158837886,3.9958064321688354,12988
2021,"Anthony DeSclafani","SFG",167.2,676,8.15904573,2.25447316,3.61904762,1.01988072,0.22485207,0.06213018,0.16272189,0.22523962,1.09145129,0.26464208,0.78282828,3.616716505883789,3.953600086638329,13050
2021,"Yu Darvish","SDP",166.1,681,10.76753507,2.38076152,4.52272727,1.51503006,0.29221733,0.06461087,0.22760646,0.22150883,1.09418838,0.27363184,0.72281167,3.9028673358837898,3.7512020134134634,13074
2021,"Gerrit Cole","NYY",181.1,726,12.06066176,2.03492647,5.92682927,1.19117647,0.33471074,0.05647383,0.27823691,0.22304284,1.05882353,0.30528846,0.77930175,2.92123864588379,2.9326585092702646,13125
2021,"Eduardo Rodriguez","BOS",157.2,675,10.5602537,2.68287526,3.93617021,1.0845666,0.27407407,0.06962963,0.20444444,0.27652733,1.38900634,0.36255924,0.68930041,3.3216202758837894,3.4336693708482886,13164
2021,"Zach Davies","CHC",148,668,6.93243243,4.56081081,1.52,1.52027027,0.17065868,0.11227545,0.05838323,0.28076256,1.60135135,0.30512249,0.69082126,5.446427435883789,5.0268461092501076,13183
2021,"Michael Fulmer","DET",69.2,297,9.43062201,2.58373206,3.65,0.90430622,0.24579125,0.06734007,0.17845118,0.25555556,1.27751196,0.32291667,0.79572447,3.456481745883789,3.8724928138022334,13218
2021,"Ross Stripling","TOR",101.1,431,8.34868421,2.66447368,3.13333333,2.04276316,0.21809745,0.06960557,0.14849188,0.25063291,1.27302632,0.26950355,0.76923077,5.212163565883789,4.594748992284492,13273
2021,"Luis Cessa","2 Tms",64.2,261,7.51546392,2.6443299,2.84210526,0.69587629,0.20689655,0.07279693,0.13409962,0.22916667,1.1443299,0.27322404,0.74626866,3.385895255883789,3.826856030791262,13345
2021,"Steven Matz","TOR",150.2,647,8.60176991,2.56858407,3.34883721,1.07522124,0.22256569,0.06646059,0.1561051,0.26465662,1.3340708,0.32110092,0.75357536,3.786657045883789,3.943351529508322,13361
2021,"Dylan Floro","MIA",64,270,8.71875,3.515625,2.48,0.28125,0.22962963,0.09259259,0.13703704,0.21721311,1.21875,0.28176796,0.70478723,2.8100254058837892,3.9476627789437773,13394
2021,"Marcus Stroman","NYM",179,730,7.94413408,2.2122905,3.59090909,0.8547486,0.21643836,0.06027397,0.15616439,0.24210526,1.1452514,0.28571429,0.75451647,3.493422755883789,3.5697963874766283,13431
2021,"Pierce Johnson","SDP",58.2,244,11.8125,4.14204545,2.85185185,0.92045455,0.31557377,0.11065574,0.20491803,0.21962617,1.26136364,0.30827068,0.81081081,3.3057640458837887,3.780762270464623,13435
2021,"Daniel Norris","2 Tms",57,248,9.15789474,4.73684211,1.93333333,1.42105263,0.23387097,0.12096774,0.11290323,0.25581395,1.49122807,0.30872483,0.61827957,4.871154795883789,4.273414571975406,13475
2021,"Blake Snell","SDP",128.2,550,11.89119171,4.82642487,2.46376812,1.11917098,0.30909091,0.12545455,0.18363636,0.21398305,1.32124352,0.29109589,0.7436919,3.822250145883789,3.7415577925400427,13543
2021,"Richard Rodriguez","2 Tms",64.1,251,5.87564767,1.39896373,4.2,1.11917098,0.16733068,0.03984064,0.12749004,0.20920502,0.93264249,0.22222222,0.80708661,4.0398667258837895,5.357929476328827,13549
2021,"Clay Holmes","2 Tms",70,292,10.02857143,3.72857143,2.68965517,0.64285714,0.26712329,0.09931507,0.16780822,0.20622568,1.17142857,0.27272727,0.6835443,3.283686115883789,3.161717074257987,13649
2021,"John Gant","2 Tms",110,491,7.52727273,5.80909091,1.29577465,0.81818182,0.18737271,0.14460285,0.04276986,0.23284314,1.50909091,0.2724359,0.73417722,4.778491315883789,5.072388855977492,13684
2021,"Max Fried","ATL",165.2,667,8.58350101,2.22736419,3.85365854,0.81488934,0.23688156,0.06146927,0.17541229,0.22712418,1.08651911,0.27802691,0.75903614,3.3082334058837892,3.4518404237644313,13743
2021,"Tyler Duffey","MIN",62.1,254,8.80748663,4.04278075,2.17857143,0.57754011,0.24015748,0.11023622,0.12992126,0.21621622,1.21925134,0.27672956,0.7320442,3.4902560158837894,4.184586070938646,13758
2021,"Chris Stratton","PIT",79.1,337,9.75630252,3.74369748,2.60606061,1.0210084,0.25519288,0.09792285,0.15727003,0.23333333,1.29831933,0.29326923,0.76586433,3.7618373758837893,4.088558301017617,13761
2021,"Dominic Leone","SFG",53.2,219,8.38509317,3.68944099,2.27272727,0.33540373,0.2283105,0.10045662,0.12785388,0.19473684,1.09937888,0.24305556,0.78671329,3.076232705883789,4.367162637828688,13763
2021,"JT Chargois","2 Tms",53.2,216,8.88819876,3.35403727,2.65,0.83850932,0.24537037,0.09259259,0.15277778,0.20212766,1.08074534,0.25,0.84210526,3.8588413958837897,4.324429815417573,13767
2021,"Zach Eflin","PHI",105.2,442,8.43217666,1.36277603,6.1875,1.27760252,0.2239819,0.0361991,0.1877828,0.27553444,1.24921136,0.32686084,0.72807018,3.6804414158837893,3.6050243252321965,13774
2021,"Alex Wood","SFG",138.2,585,9.86538462,2.53125,3.8974359,0.90865385,0.25982906,0.06666667,0.19316239,0.2362949,1.18269231,0.30494505,0.72942643,3.4794965558837894,3.4394312078498155,13781
2021,"Austin Adams","SDP",52.2,241,12.98734177,5.98101266,2.17142857,0.17088608,0.3153527,0.14522822,0.17012448,0.15909091,1.19620253,0.25714286,0.68925234,3.890919395883789,5.185179483385708,13801
2021,"Alec Mills","CHC",119,517,6.57983193,2.57142857,2.55882353,1.21008403,0.16827853,0.06576402,0.10251451,0.29148936,1.43697479,0.32439678,0.66195373,4.48872813588379,4.327344693205938,13834
2021,"Paul Sewald","SEA",64.2,264,14.4742268,3.34020619,4.33333333,1.39175258,0.39393939,0.09090909,0.3030303,0.17573222,1.02061856,0.25396825,0.80769231,3.0766168958837894,3.003556579452146,13892
2021,"Chris Flexen","SEA",179.2,741,6.26159555,2.00371058,3.125,0.95176252,0.16869096,0.05398111,0.11470985,0.26811594,1.25231911,0.30018083,0.76581028,3.8873966958837896,4.555322951926314,13896
2021,"Brent Suter","MIL",73.1,313,8.46818182,2.94545455,2.875,1.10454545,0.22044728,0.07667732,0.14376996,0.25174825,1.30909091,0.3,0.7464455,3.9057640458837892,3.8020656079341455,13942
2021,"Michael Wacha","TBR",124.2,528,8.73529412,2.23796791,3.90322581,1.66042781,0.22916667,0.05871212,0.17045455,0.2704918,1.30748663,0.31232092,0.69732938,4.468865645883789,3.910396816844558,14078
2021,"Kevin Gausman","SFG",192,775,10.640625,2.34375,4.54,0.9375,0.29290323,0.06451613,0.2283871,0.20979021,1.04166667,0.2742616,0.78409091,3.0027337358837896,3.275162697738658,14107
2021,"Lance McCullers Jr.","HOU",162.1,684,10.25667351,4.21355236,2.43421053,0.72073922,0.27046784,0.11111111,0.15935673,0.20469799,1.21971253,0.2725,0.78503688,3.520529765883789,3.685949529341685,14120
2021,"Jose Berrios","2 Tms",192,781,9.5625,2.109375,4.53333333,1.03125,0.26120359,0.05761844,0.20358515,0.22268908,1.0625,0.27676768,0.72263549,3.4714837358837896,3.590116419487944,14168
2021,"Kyle Zimmer","KCR",54,223,7.66666667,5,1.53333333,1.16666667,0.20627803,0.13452915,0.07174888,0.24338624,1.40740741,0.27857143,0.66465257,4.817548555883789,4.864131215877004,14169
2021,"Josh Hader","MIL",58.2,224,15.64772727,3.68181818,4.25,0.46022727,0.45535714,0.10714286,0.34821428,0.12690355,0.83522727,0.23655914,0.91880342,1.6864458558837887,2.345005167254775,14212
2021,"Wandy Peralta","2 Tms",51,219,7.58823529,3.70588235,2.04761905,1.05882353,0.19634703,0.09589041,0.10045662,0.25128205,1.37254902,0.29054054,0.75079872,4.306655305883789,3.9881356004406423,14295
2021,"Frankie Montas","OAK",187,778,9.96256684,2.74331551,3.63157895,0.96256684,0.26606684,0.07326478,0.19280206,0.23196605,1.18181818,0.29568789,0.745,3.372608965883789,3.642886594782538,14309
2021,"Joel Payamps","2 Tms",50.1,205,6.79470199,2.50331126,2.71428571,1.07284768,0.18536585,0.06829268,0.11707317,0.23157895,1.15231788,0.26027397,0.7312253,4.103175235883789,4.7269258658859545,14332
2021,"Tyler Glasnow","TBR",88,340,12.57954545,2.76136364,4.55555556,1.02272727,0.36176471,0.07941176,0.28235295,0.17571885,0.93181818,0.25,0.82352941,2.7716731358837894,2.6979343813928693,14374
2021,"Hyun Jin Ryu","TOR",169,701,7.61538462,1.9704142,3.86486486,1.27810651,0.20399429,0.05278174,0.15121255,0.25835866,1.22485207,0.29494949,0.70695553,4.01555425588379,3.9442836073728715,14444
2021,"Jorge Lopez","BAL",121.2,555,8.28493151,4.14246575,2,1.55342466,0.2018018,0.1009009,0.1009009,0.29278351,1.62739726,0.33988764,0.69988802,5.199537395883789,4.478440006674215,14527
2021,"Carlos Estevez","COL",61.2,270,8.75675676,3.06486486,2.85714286,1.16756757,0.22222222,0.07777778,0.14444444,0.29338843,1.49189189,0.35195531,0.74879227,4.028859865883789,4.202191372602929,14542
2021,"Jose Ruiz","CHW",65,271,8.72307692,3.46153846,2.52,1.10769231,0.23247232,0.09225092,0.1402214,0.20987654,1.16923077,0.24571429,0.77160494,3.9847850258837894,4.2578088233104125,14552
2021,"Chi Chi Gonzalez","COL",101.2,448,4.95737705,2.47868852,2,1.59344262,0.125,0.0625,0.0625,0.31051345,1.52459016,0.32058824,0.64064801,5.372679095883789,5.084239959263165,14663
2021,"Duane Underwood Jr.","PIT",72.2,320,8.05045872,3.3440367,2.40740741,1.1146789,0.203125,0.084375,0.11875,0.27017544,1.43119266,0.31627907,0.71278826,4.270317835883789,4.335637292977959,14677
2021,"Edwin Diaz","NYM",62.2,257,12.78191489,3.30319149,3.86956522,0.43085106,0.3463035,0.08949416,0.25680934,0.19457014,1.05319149,0.30075188,0.6779661,2.483230195883789,3.465781808866553,14710
2021,"Julio Urias","LAD",185.2,745,9.4524237,1.84201077,5.13157895,0.92100539,0.26174497,0.05100671,0.21073826,0.21852388,1.01795332,0.27160494,0.76151122,3.126312435883789,3.72513759016421,14765
2021,"Emilio Pagan","SDP",63.1,263,9.80526316,2.55789474,3.83333333,2.27368421,0.26235741,0.06844106,0.19391635,0.23140496,1.16842105,0.25316456,0.76492537,5.222031985883789,4.890941366173351,14771
2021,"Caleb Smith","ARI",113.2,500,9.81818182,4.98826979,1.96825397,1.58357771,0.248,0.126,0.122,0.21678322,1.37243402,0.2543554,0.73134328,5.096086625883789,5.26132370646906,14875
2021,"Jon Gray","COL",149,644,9.48322148,3.5033557,2.70689655,1.26845638,0.24378882,0.09006211,0.15372671,0.24475524,1.32885906,0.2975,0.69648924,4.223091685883789,4.036900654055128,14916
2021,"Chad Kuhl","PIT",80.1,349,8.40248963,4.70539419,1.78571429,1.45643154,0.21489971,0.12034384,0.09455587,0.25172414,1.43153527,0.28571429,0.69943289,5.310479245883789,4.897974125822057,14975
2021,"Giovanny Gallegos","STL",80.1,310,10.64315353,2.2406639,4.75,0.67219917,0.30645161,0.06451613,0.24193548,0.18345324,0.88381743,0.24590164,0.71428571,2.746163895883789,3.686079027689019,14986
2021,"Scott Barlow","KCR",74.1,306,11.01793722,3.39013453,3.25,0.48430493,0.29738562,0.09150327,0.20588235,0.22262774,1.19730942,0.31491713,0.83138173,2.6312838158837892,3.5933150674920236,14993
2021,"Kyle Finnegan","WSN",66,294,9.27272727,4.63636364,2,1.22727273,0.23129252,0.11564626,0.11564626,0.25098039,1.48484848,0.3038674,0.6979405,4.517885255883789,4.482866713224036,15009
2021,"Alex Reyes","STL",72.1,317,11.8202765,6.47004608,1.82692308,1.11981567,0.29968454,0.16403785,0.13564669,0.17557252,1.35483871,0.2327044,0.77803204,4.39981515588379,4.563008488634712,15015
2021,"German Marquez","COL",180,756,8.8,3.2,2.75,1.05,0.23280423,0.08465608,0.14814815,0.24193548,1.27222222,0.29327902,0.69253438,3.863844845883789,3.6411028391785094,15038
2021,"Tim Mayza","TOR",53,210,9.67924528,2.03773585,4.75,0.8490566,0.27142857,0.05714286,0.21428571,0.20618557,0.98113208,0.26315789,0.70833333,3.0939287058837897,2.8995461431314364,15042
2021,"Lou Trivino","OAK",73.2,310,8.18552036,4.15384615,1.97058824,0.61085973,0.21612903,0.10967742,0.10645161,0.21641791,1.24886878,0.265,0.71910112,3.7802601358837893,4.478720120709497,15043
2021,"Austin Voth","WSN",57.1,248,9.26162791,4.39534884,2.10714286,1.56976744,0.23790323,0.11290323,0.125,0.26635514,1.48255814,0.31333333,0.70833333,4.896144595883789,4.444437382912191,15047
2021,"Cole Sulser","BAL",63.1,257,10.37368421,3.26842105,3.17391304,0.71052632,0.28404669,0.08949416,0.19455253,0.20689655,1.12105263,0.27564103,0.796875,2.9799267258837894,3.7366267254776595,15256
2021,"Adam Cimber","2 Tms",71.2,286,6.40465116,2.00930233,3.1875,0.25116279,0.17832168,0.05594406,0.12237762,0.23371648,1.0744186,0.28095238,0.73891626,3.071725985883789,4.210763272532037,15288
2021,"Andrew Heaney","2 Tms",129.2,558,10.41131105,2.84575835,3.65853659,2.01285347,0.2688172,0.0734767,0.1953405,0.25641026,1.31876607,0.30421687,0.6744868,4.850634335883789,4.120383700956791,15423
2021,"Matthew Boyd","DET",78.2,337,7.66525424,2.63135593,2.91304348,1.02966102,0.19881306,0.06824926,0.1305638,0.25496689,1.27118644,0.29437229,0.74152542,4.097366505883789,4.785725953323565,15440
2021,"Mike Mayers","LAA",75,315,10.8,3.12,3.46153846,1.32,0.28571429,0.08253968,0.20317461,0.25,1.29333333,0.32432432,0.80378251,3.8360670758837894,3.8114726320902506,15451
2021,"Nick Pivetta","BOS",155,661,10.16129032,3.77419355,2.69230769,1.39354839,0.26475038,0.09833585,0.16641453,0.23418803,1.30322581,0.28826531,0.73241061,4.279077825883789,4.281054341600788,15454
2021,"Marco Gonzales","SEA",143.1,585,6.78139535,2.6372093,2.57142857,1.82093023,0.18461538,0.07179487,0.11282051,0.23364486,1.16511628,0.2394015,0.82191781,5.276377145883789,5.157397940315969,15467
2021,"Lucas Giolito","CHW",178.2,720,10.125,2.61940299,3.86538462,1.36007463,0.27916667,0.07222222,0.20694445,0.21903323,1.10261194,0.26940639,0.77543424,3.7906690658837894,3.751861201694016,15474
2021,"Antonio Senzatela","COL",156.2,670,6.03191489,1.83829787,3.28125,0.6893617,0.15671642,0.04776119,0.10895523,0.28709677,1.34042553,0.32421875,0.66765579,3.6098259358837894,4.16829249691867,15488
2021,"Kendall Graveman","2 Tms",56,222,9.80357143,3.21428571,3.05,0.48214286,0.27477477,0.09009009,0.18468468,0.18041237,0.98214286,0.24615385,0.81632653,3.187257545883789,3.467574050064598,15514
2021,"Tyler Rogers","SFG",81,326,6.11111111,1.44444444,4.23076923,0.55555556,0.16871166,0.0398773,0.12883436,0.24262295,1.07407407,0.27822581,0.81176471,3.2805115158837888,3.8939531995190513,15541
2021,"Chad Green","NYY",83.2,315,10.64940239,1.82868526,5.82352941,1.5059761,0.31428571,0.05396825,0.26031746,0.19322034,0.88446215,0.23243243,0.77205882,3.587727095883789,3.626768749696626,15552
2021,"Nick Wittgren","CLE",62.1,258,8.80748663,2.45454545,3.58823529,1.87700535,0.23643411,0.06589147,0.17054264,0.26068376,1.2513369,0.29090909,0.67961165,4.83784960588379,3.6268677386296466,15594
2021,"Miguel Castro","NYM",70.1,303,9.85308057,5.50236967,1.79069767,0.8957346,0.25412541,0.14191419,0.11221122,0.18897638,1.29383886,0.24117647,0.76834862,4.363713205883789,4.4747386790618515,15684
2021,"Luis Castillo","CIN",187.2,803,9.20781528,3.59680284,2.56,0.91119005,0.23910336,0.09339975,0.14570361,0.25457103,1.36412078,0.31764706,0.71489002,3.7502174558837886,3.628108528962889,15689
2021,"Brad Keller","KCR",133.2,613,8.0798005,4.30922693,1.875,1.21197007,0.19575856,0.10440457,0.09135399,0.29699248,1.66084788,0.34653465,0.68694799,4.718028835883789,4.564644057921031,15734
2021,"Devin Williams","MIL",54,226,14.5,4.66666667,3.10714286,0.83333333,0.38495575,0.12389381,0.26106194,0.18556701,1.18518519,0.29807692,0.83050847,2.817548555883789,2.9208394518604988,15816
2021,"Zack Littell","SFG",61.2,252,9.19459459,3.5027027,2.625,1.02162162,0.25,0.0952381,0.1547619,0.20720721,1.13513514,0.25,0.77170418,3.866697705883789,4.107777098656528,15823
2021,"Adam Plutko","BAL",56.1,255,7.0295858,4.31360947,1.62962963,2.71597633,0.17254902,0.10588235,0.06666667,0.29545455,1.63313609,0.29268293,0.73033708,7.127980285883789,6.1177999129643315,15846
2021,"Sean Manaea","OAK",179.1,754,9.73605948,2.05762082,4.73170732,1.25464684,0.25729443,0.05437666,0.20291777,0.25498575,1.2267658,0.31752577,0.77319588,3.654530515883789,3.623103737961417,15873
2021,"Ryne Stanek","HOU",68.1,290,10.93170732,4.87317073,2.24324324,1.05365854,0.2862069,0.12758621,0.15862069,0.18623482,1.21463415,0.24203822,0.72916667,4.10598577588379,4.546439129617456,15947
2021,"Zach Thompson","MIA",75,315,7.92,3.36,2.35714286,0.72,0.20952381,0.08888889,0.12063492,0.22661871,1.21333333,0.26886792,0.68925234,3.6894004058837893,4.649102146228155,16094
2021,"Jordan Romano","TOR",63,253,12.14285714,3.57142857,3.4,1,0.33596838,0.09881423,0.23715415,0.18141593,1.04761905,0.25185185,0.87412587,3.1535273858837893,3.2774764674050467,16122
2021,"Carlos Rodon","CHW",132.2,534,12.55025126,2.44221106,5.13888889,0.88190955,0.34644195,0.06741573,0.27902622,0.18918919,0.95728643,0.26712329,0.82191781,2.6492999058837894,3.170906180727384,16137
2021,"Aaron Nola","PHI",180.2,749,11.10885609,1.94280443,5.71794872,1.29520295,0.29773031,0.05206943,0.24566088,0.23706897,1.12915129,0.30752212,0.66817667,3.3686623958837894,3.372941000255475,16149
2021,"Brandon Woodruff","MIL",179.1,708,10.58921933,2.15799257,4.90697674,0.90334572,0.2980226,0.06073446,0.23728814,0.2,0.96468401,0.26107226,0.81395349,2.957504495883789,3.049795564508342,16162
2021,"Spencer Turnbull","DET",50,201,7.92,2.16,3.66666667,0.36,0.21890547,0.05970149,0.15920398,0.2032967,0.98,0.25362319,0.703125,2.949400405883789,3.770376867055893,16207
2021,"Kyle Freeland","COL",120.2,515,7.83149171,2.83425414,2.76315789,1.49171271,0.2038835,0.07378641,0.13009709,0.28358209,1.41712707,0.32471264,0.78911565,4.627963945883789,4.257207125790458,16256
2021,"Aaron Bummer","CHW",56.1,242,11.98224852,4.63313609,2.5862069,0.47928994,0.30991736,0.11983471,0.19008265,0.20192308,1.26035503,0.29770992,0.66384181,2.956382655883789,2.7965399225214687,16258
2021,"John Means","BAL",146.2,590,8.22272727,1.59545455,5.15384615,1.84090909,0.22711864,0.0440678,0.18305084,0.22441652,1.02954545,0.23989899,0.80530973,4.614854955883789,4.3618222859501765,16269
2021,"Tyler Mahle","CIN",180,759,10.5,3.2,3.28125,1.2,0.27667984,0.08432148,0.19235836,0.23442136,1.23333333,0.29711752,0.77620968,3.8027337358837894,3.735818522837427,16358
2021,"Reynaldo Lopez","CHW",57.2,222,8.58381503,2.02890173,4.23076923,1.56069364,0.24774775,0.05855856,0.18918919,0.20487805,0.95375723,0.22222222,0.68292683,4.192521795883789,3.7740228808334666,16400
2021,"Ryan Yarbrough","TBR",155,653,6.79354839,1.56774194,4.33333333,1.4516129,0.17917305,0.04134763,0.13782542,0.26721311,1.22580645,0.29052632,0.62804878,4.453271375883789,4.587663448241449,16502
2021,"Jordan Montgomery","NYY",157.1,661,9.26694915,2.91737288,3.17647059,1.08686441,0.24508321,0.07715582,0.16792739,0.25,1.27754237,0.30679157,0.73696145,3.6905868458837894,3.9262347913428606,16511
2021,"Austin Gomber","COL",115.1,488,8.81791908,3.19942197,2.75609756,1.56069364,0.23155738,0.08401639,0.14754099,0.23181818,1.23988439,0.26366559,0.69491525,4.608706765883789,4.174909215763934,16561
2021,"J.P. Feyereisen","2 Tms",56,234,8.51785714,5.30357143,1.60606061,0.80357143,0.22649573,0.14102564,0.08547009,0.18274112,1.23214286,0.21678322,0.74193548,4.205114695883789,5.18693798482418,16610
2021,"Tim Hill","SDP",59.2,255,8.44692737,3.46927374,2.43478261,1.3575419,0.21960784,0.09019608,0.12941176,0.22972973,1.24022346,0.26086957,0.68249258,4.711299845883789,4.081130942867801,16814
2021,"Luke Weaver","ARI",65.2,275,8.49746193,2.74111675,3.1,1.50761421,0.22545455,0.07272727,0.15272728,0.23293173,1.18781726,0.25966851,0.70754717,4.41813136588379,4.255692843470401,16918
2021,"Touki Toussaint","ATL",50,216,8.64,3.96,2.18181818,1.98,0.22222222,0.10185185,0.12037037,0.23369565,1.3,0.24806202,0.77338129,5.789400405883789,4.5879765552282326,16929
2021,"Elieser Hernandez","MIA",51.2,225,9.23225806,2.43870968,3.78571429,2.26451613,0.23555556,0.06222222,0.17333334,0.26470588,1.31612903,0.28873239,0.85227273,5.375852015883789,4.3246670435729255,16933
2021,"Trevor Williams","2 Tms",91,405,8.9010989,3.06593407,2.90322581,1.08791209,0.22222222,0.07654321,0.14567901,0.28688525,1.49450549,0.34814815,0.71197411,3.8836861158837888,3.960363378695079,16977
2021,"Pablo Lopez","MIA",102.2,418,10.08116883,2.27922078,4.42307692,0.96428571,0.27511962,0.06220096,0.21291866,0.23298429,1.12012987,0.3011583,0.79737336,3.286283525883789,3.3198751958304324,17085
2021,"Raisel Iglesias","LAA",70,273,13.24285714,1.54285714,8.58333333,1.41428571,0.37728938,0.04395604,0.33333334,0.20703125,0.92857143,0.28767123,0.81027668,2.8265432658837892,2.2960655876568388,17130
2021,"Domingo German","NYY",98.1,410,8.96949153,2.47118644,3.62962963,1.5559322,0.23902439,0.06585366,0.17317073,0.23421053,1.17966102,0.27067669,0.70063694,4.3083834558837895,4.267974510169497,17149
2021,"Ranger Suarez","PHI",106,418,9.08490566,2.80188679,3.24242424,0.33962264,0.25598086,0.07894737,0.17703349,0.19414894,1,0.25650558,0.86337761,2.71657021588379,3.374556510909549,17277
2021,"Michael Kopech","CHW",69.1,285,13.37019231,3.11538462,4.29166667,1.16826923,0.36140351,0.08421053,0.27719298,0.21011673,1.125,0.30405405,0.78313253,2.9674773258837894,2.9850397574411764,17282
2021,"Justus Sheffield","SEA",80.1,385,7.05809129,4.81742739,1.46511628,1.56846473,0.16363636,0.11168831,0.05194805,0.31626506,1.84232365,0.35,0.62968516,5.65902696588379,5.260408254839774,17285
2021,"Framber Valdez","HOU",134.2,572,8.3539604,3.87623762,2.15517241,0.8019802,0.21853147,0.1013986,0.11713287,0.21956088,1.24752475,0.26775956,0.78298397,4.0085093158837894,3.5838221277238227,17295
2021,"Justin Steele","CHC",57,248,9.31578947,4.26315789,2.18518519,1.89473684,0.23790323,0.10887097,0.12903226,0.23255814,1.35087719,0.26206897,0.81288344,5.520277595883789,4.207371717377713,17312
2021,"Brett Martin","TEX",62.1,264,6.06417112,2.02139037,3,0.72192513,0.15909091,0.0530303,0.10606061,0.27235772,1.29946524,0.30541872,0.67567568,3.5383843658837892,3.9109319931442115,17369
2021,"Erick Fedde","WSN",133.1,590,8.64,3.24,2.66666667,1.5525,0.21694915,0.08135593,0.13559322,0.27480916,1.44,0.3126615,0.64713065,4.661900405883789,4.060332128129821,17425
2021,"Jeff Hoffman","CIN",73,335,9.73972603,5.54794521,1.75555556,1.47945205,0.2358209,0.13432836,0.10149254,0.24822695,1.57534247,0.29896907,0.76550388,5.196797665883789,4.969276765519625,17432
2021,"Jack Flaherty","STL",78.1,322,9.76595745,2.98723404,3.26923077,1.3787234,0.26397516,0.08074534,0.18322982,0.1993007,1.05957447,0.23316062,0.74792244,4.216208915883789,3.959129199482658,17479
2021,"Spenser Watkins","BAL",54.2,255,5.76219512,3.12804878,1.84210526,2.30487805,0.1372549,0.0745098,0.0627451,0.32173913,1.70121951,0.32432432,0.59681698,6.37061991588379,5.591186520127877,17489
2021,"Genesis Cabrera","STL",70,296,9.9,4.62857143,2.13888889,0.38571429,0.26013514,0.12162162,0.13851352,0.20883534,1.25714286,0.28,0.6981982,3.283686115883789,4.390160677262715,17490
2021,"Diego Castillo","2 Tms",58.1,233,11.57142857,2.62285714,4.41176471,1.38857143,0.32188841,0.07296137,0.24892704,0.19417476,0.97714286,0.24409449,0.78947368,3.735114695883789,3.151037105320835,17496
2021,"JT Brubaker","PIT",124.1,538,9.33780161,2.75067024,3.39473684,2.02680965,0.23977695,0.07063197,0.16914498,0.25360825,1.29490617,0.28443114,0.72629969,5.155995575883789,4.002285170050111,17578
2021,"Tanner Scott","BAL",54,251,11.66666667,6.16666667,1.89189189,1,0.27888446,0.14741036,0.1314741,0.23414634,1.57407407,0.31818182,0.69007264,4.410141145883789,4.109316978520818,17586
2021,"Mitch Keller","PIT",100.2,470,8.22516556,4.3807947,1.87755102,0.89403974,0.19574468,0.10425532,0.09148936,0.32186732,1.78807947,0.38782051,0.68208092,4.301850735883789,4.903438282350254,17594
2021,"Cristian Javier","HOU",101.1,424,11.54605263,4.70723684,2.45283019,1.42105263,0.30660377,0.125,0.18160377,0.18559557,1.18421053,0.23394495,0.82217973,4.432558295883789,4.347512509183204,17606
2021,"Nabil Crismatt","SDP",81.1,351,7.85655738,2.65573771,2.95833333,1.10655738,0.2022792,0.06837607,0.13390313,0.27444795,1.3647541,0.32352941,0.75238095,4.202187295883789,4.317650089374489,17732
2021,"Tyler Alexander","DET",106.1,451,7.36363636,2.36990596,3.10714286,1.35423197,0.19290466,0.06208426,0.1308204,0.25542169,1.26018809,0.28481013,0.78719723,4.391970935883789,4.858509835046545,17735
2021,"Jose Alvarado","PHI",55.2,251,10.99401198,7.59880239,1.44680851,0.80838323,0.27091633,0.187251,0.08366533,0.21319797,1.5988024,0.2983871,0.74157303,4.80413094588379,4.523970392711413,17780
2021,"Jake Brentz","KCR",64,278,10.6875,5.203125,2.05405405,0.984375,0.27338129,0.13309353,0.14028776,0.19650655,1.28125,0.25,0.71611253,4.231900405883789,4.298773944191635,17783
2021,"Dillon Tate","BAL",67.2,286,6.51724138,3.0591133,2.13043478,0.93103448,0.17132867,0.08041958,0.09090909,0.24497992,1.24137931,0.27,0.68965517,4.396001395883789,4.407100223964173,17796
2021,"Adbert Alzolay","CHC",125.2,519,9.16710875,2.43501326,3.76470588,1.79045093,0.24662813,0.0655106,0.18111753,0.23628692,1.16180371,0.26605505,0.73275862,4.649506505883789,3.663934643344005,17859
2021,"Nestor Cortes","NYY",93,374,9.96774194,2.41935484,4.12,1.35483871,0.27540107,0.06684492,0.20855615,0.2173913,1.07526882,0.26521739,0.84951456,3.7823036358837894,4.17790466713649,17874
2021,"Dennis Santana","2 Tms",54.2,237,7.57317073,5.26829268,1.4375,0.65853659,0.19409283,0.1350211,0.05907173,0.24,1.46341463,0.28947368,0.67183463,4.358424795883789,4.89191927325108,17878
2021,"Logan Webb","SFG",148.1,596,9.58651685,2.18426966,4.38888889,0.54606742,0.26510067,0.06040268,0.20469799,0.23443223,1.10561798,0.30909091,0.74654956,2.717715015883789,2.7853995649915837,17995
2021,"Triston McKenzie","CLE",120,495,10.2,4.35,2.34482759,1.575,0.27474747,0.11717172,0.15757575,0.19399538,1.18333333,0.22743682,0.683391,4.70273373588379,4.530361304432153,18000
2021,"Phil Maton","2 Tms",66.2,297,11.475,4.32,2.65625,0.81,0.28619529,0.10774411,0.17845118,0.2519685,1.44,0.3452381,0.70512821,3.4994004058837893,4.155598612973367,18064
2021,"Anthony Misiewicz","SEA",54.2,236,8.72560976,2.46951219,3.53333333,1.15243902,0.22457627,0.06355932,0.16101695,0.27981651,1.3902439,0.3375,0.69940476,3.7730589458837893,3.948179087322421,18152
2021,"Jarlin Garcia","SFG",68.2,269,8.91262136,2.3592233,3.77777778,1.17961165,0.2527881,0.0669145,0.1858736,0.19591837,0.96116505,0.22674419,0.75812274,3.7664877858837893,3.7585249543482706,18282
2021,"Tyler Kinley","COL",70.1,295,8.7014218,3.32701422,2.61538462,1.53554502,0.23050847,0.08813559,0.14237288,0.22348485,1.20853081,0.2513369,0.71225071,4.648073395883789,4.5122735590520335,18297
2021,"Josh Sborz","TEX",59,257,10.52542373,4.88135593,2.15625,1.06779661,0.26848249,0.12451362,0.14396887,0.23423423,1.42372881,0.30201342,0.74123989,3.999908875883789,4.192072902493558,18323
2021,"Taylor Hearn","TEX",104.1,441,7.93610224,3.6230032,2.19047619,1.46645367,0.20861678,0.0952381,0.11337868,0.24678663,1.32268371,0.27526132,0.70819113,4.817962705883789,4.796789188330362,18325
2021,"James Kaprielian","OAK",119.1,502,9.27653631,3.09217877,3,1.43296089,0.24501992,0.08167331,0.16334661,0.23281596,1.22346369,0.27388535,0.77170418,4.334204875883789,4.55617655427973,18331
2021,"Alex Young","2 Tms",52,246,7.44230769,4.67307692,1.59259259,2.07692308,0.17479675,0.1097561,0.06504065,0.30660377,1.76923077,0.32919255,0.66496164,6.246323485883789,5.112560966725533,18333
2021,"Josh Staumont","KCR",65.2,264,9.8680203,3.70050761,2.66666667,0.82233503,0.27272727,0.10227273,0.17045454,0.18297872,1.06598985,0.23566879,0.75471698,3.4891973558837894,4.26286717711262,18335
2021,"Jaime Barria","LAA",56.2,250,5.55882353,3.01764706,1.84210526,1.27058824,0.14,0.076,0.064,0.30701754,1.57058824,0.33333333,0.77694236,4.881165115883789,5.03865335116891,18356
2021,"Jose Urquidy","HOU",107,423,7.57009346,1.59813084,4.73684211,1.42990654,0.21276596,0.04491726,0.1678487,0.21804511,0.99065421,0.23728814,0.7719715,4.1413630258837895,4.384559094571622,18413
2021,"Kenta Maeda","MIN",106.1,453,9.56426332,2.70846395,3.53125,1.35423197,0.24944812,0.07064018,0.17880794,0.25790754,1.29780564,0.31578947,0.69331158,4.100434885883789,3.986201105341462,18498
2021,"Phil Bickford","2 Tms",51.1,207,10.34415584,3.33116883,3.10526316,1.22727273,0.28502415,0.09178744,0.19323671,0.19672131,1.07142857,0.24369748,0.82987552,3.9291406658837893,3.6687928604165396,18519
2021,"Dylan Cease","CHW",165.2,708,12.277666,3.69416499,3.32352941,1.08651911,0.31920904,0.0960452,0.22316384,0.22311396,1.24949698,0.30909091,0.7393617,3.4048128758837892,3.7205454362719035,18525
2021,"Sam Hentges","CLE",68.2,318,8.91262136,4.19417476,2.125,1.31067961,0.21383648,0.10062893,0.11320755,0.3180212,1.77669903,0.38461538,0.62962963,4.4800800158837895,4.539754475485379,18548
2021,"Logan Allen","CLE",50.1,222,6.61589404,3.0397351,2.17647059,2.14569536,0.16666667,0.07657658,0.09009009,0.29145729,1.49006623,0.30263158,0.64308682,6.050195105883789,4.843835633511939,18555
2021,"A.J. Minter","ATL",52.1,221,9.80254777,3.43949045,2.85,0.34394904,0.25791855,0.09049774,0.16742081,0.22564103,1.22292994,0.29787234,0.61093248,2.691693395883789,3.8132204730450026,18655
2021,"Jake Woodford","STL",67.2,293,6.65024631,3.32512315,2,0.93103448,0.17064846,0.08532423,0.08532423,0.26086957,1.34482759,0.29064039,0.75112108,4.499449665883789,5.058134169056828,18674
2021,"Freddy Peralta","MIL",144.1,580,12.15935335,3.49191686,3.48214286,0.87297921,0.3362069,0.09655172,0.23965518,0.16470588,0.96997691,0.23026316,0.79147641,3.120901555883789,3.6569736992489386,18679
2021,"Sandy Alcantara","MIA",205.2,837,8.79578606,2.18800648,4.02,0.91896272,0.24014337,0.05973716,0.18040621,0.22265625,1.07455429,0.27027027,0.72420635,3.4173744758837894,3.445487675766667,18684
2021,"Kolby Allard","TEX",124.2,534,7.50802139,2.23796791,3.35483871,2.09358289,0.19475655,0.05805243,0.13670412,0.25806452,1.27540107,0.2704918,0.67810458,5.367261365883789,4.636029170725107,18694
2021,"Drew Steckenrider","SEA",67.2,267,7.71428571,2.26108374,3.41176471,0.66502463,0.21722846,0.06367041,0.15355805,0.21399177,1.01970443,0.2568306,0.86363636,3.346740305883789,4.367887786867269,18806
2021,"Cole Irvin","OAK",178.1,768,6.30841122,2.11962617,2.97619048,1.16074766,0.16276042,0.0546875,0.10807292,0.27464789,1.32897196,0.30228471,0.71094481,4.30211068588379,4.821958997013107,19244
2021,"Taylor Widener","ARI",70.1,319,9.34123223,4.73459716,1.97297297,1.79146919,0.22884013,0.11598746,0.11285267,0.24074074,1.45023697,0.2712766,0.79418345,5.558025995883789,5.278339688120809,19266
2021,"Justin Dunn","SEA",50.1,218,8.7615894,5.18543046,1.68965517,1.07284768,0.22477064,0.13302752,0.09174312,0.20108696,1.31125828,0.23846154,0.79545455,4.738936825883789,5.608073527887618,19268
2021,"Vladimir Gutierrez","CIN",114,496,6.94736842,3.63157895,1.91304348,1.57894737,0.17741935,0.09274194,0.08467741,0.26315789,1.4122807,0.28106509,0.75912409,5.222031985883789,5.108189701406579,19278
2021,"Zac Gallen","ARI",121.1,523,10.31043956,3.63461538,2.83673469,1.40934066,0.26577438,0.09369025,0.17208413,0.23326134,1.29395604,0.28617363,0.74593796,4.249070735883789,3.958409681577665,19291
2021,"Trevor Richards","3 Tms",64.1,251,10.9119171,3.07772021,3.54545455,1.67875648,0.31075697,0.0876494,0.22310757,0.1754386,0.96373057,0.20143885,0.79646018,4.19530714588379,3.800002903638234,19309
2021,"Cal Quantrill","CLE",149.2,616,7.27616926,2.82628062,2.57446809,0.96213808,0.19642857,0.0762987,0.12012987,0.23369565,1.17594655,0.26713948,0.799508,4.064723345883789,4.431551613638853,19312
2021,"Eric Lauer","MIL",118.2,489,8.87359551,3.10955056,2.85365854,1.21348315,0.2392638,0.08384458,0.15541922,0.21461187,1.13764045,0.24920128,0.79406632,4.037377935883789,4.262132546626562,19316
2021,"Dean Kremer","BAL",53.2,245,7.88198758,4.19254658,1.88,2.85093168,0.19183673,0.10204082,0.08979591,0.29166667,1.63975155,0.29677419,0.6595092,6.989276185883789,5.73163362218361,19350
2021,"Corbin Burnes","MIL",167,657,12.61077844,1.83233533,6.88235294,0.37724551,0.35616438,0.05175038,0.304414,0.20098039,0.94011976,0.30851064,0.75718016,1.6304782458837888,2.3006034710807,19361
2021,"Keegan Akin","BAL",95,427,7.76842105,3.78947368,2.05,1.61052632,0.19203747,0.09367681,0.09836066,0.29023747,1.57894737,0.32517483,0.63962559,5.0957161958837895,5.183900959240763,19362
2021,"Walker Buehler","LAD",207.2,815,9.18780096,2.25361156,4.07692308,0.82343499,0.2601227,0.06380368,0.19631902,0.19946452,0.96789727,0.24714829,0.80931264,3.1549541758837893,3.571389198402011,19374
2021,"Tony Gonsolin","LAD",55.2,239,10.50898204,5.49700599,1.91176471,1.29341317,0.27196653,0.14225941,0.12970712,0.20197044,1.34730539,0.25,0.86206897,4.534669865883789,4.631594085106124,19388
2021,"Dane Dunning","TEX",117.2,511,8.71954674,3.28895184,2.65116279,0.99433428,0.22309198,0.08414873,0.13894325,0.2745098,1.43626062,0.33832335,0.7287706,3.942771505883789,3.871079897067074,19409
2021,"Shane Bieber","CLE",96.2,405,12.47586207,3.07241379,4.06060606,1.02413793,0.3308642,0.08148148,0.24938272,0.22888283,1.21034483,0.32735426,0.80492424,3.024572815883789,2.9142266480147447,19427
2021,"Patrick Sandoval","LAA",87,363,9.72413793,3.72413793,2.61111111,1.13793103,0.25895317,0.09917355,0.15977962,0.21495327,1.20689655,0.26605505,0.75854701,4.031469375883789,3.7871768097082774,19447
2021,"Kyle Funkhouser","DET",68.1,298,8.29756098,5.00487805,1.65789474,0.7902439,0.2114094,0.12751678,0.08389262,0.22924901,1.40487805,0.27659574,0.73951435,4.266961385883789,4.571480287062026,19456
2021,"Jorge Alcala","MIN",59.2,229,9.20111732,1.96089385,4.69230769,1.50837989,0.26637555,0.05676856,0.20960699,0.21428571,0.97206704,0.24475524,0.67391304,4.057668565883789,3.53491088422939,19459
2021,"Aaron Civale","CLE",124.1,498,7.16621984,2.24396783,3.19354839,1.66487936,0.19879518,0.062249,0.13654618,0.23580786,1.11796247,0.24926686,0.78519856,4.826236865883789,4.323035714900134,19479
2021,"David Bednar","PIT",60.2,237,11.42307692,2.81868132,4.05263158,0.74175824,0.32489451,0.08016878,0.24472573,0.18518519,0.97252747,0.25925926,0.8490566,2.6913784258837894,3.190497764976621,19569
2021,"Gregory Soto","DET",63.2,276,10.7434555,5.65445026,1.9,0.9895288,0.27536232,0.14492754,0.13043478,0.19827586,1.35078534,0.25657895,0.73834197,4.1432223958837895,4.321301096399025,19677
2021,"Anthony Bender","MIA",61.1,247,10.41847826,2.93478261,3.55,0.73369565,0.28744939,0.08097166,0.20647773,0.20737327,1.05978261,0.27586207,0.765625,3.185704755883789,3.3054137405891844,19742
2021,"Jonathan Loaisiga","NYY",70.2,283,8.78773585,2.03773585,4.3125,0.38207547,0.24381625,0.0565371,0.18727915,0.21538462,1.01886792,0.27604167,0.79096045,2.5750607858837893,3.146757793287005,19753
2021,"Shohei Ohtani","LAA",130.1,533,10.77237852,3.03836317,3.54545455,1.03580563,0.29268293,0.08255159,0.21013134,0.20718816,1.08951407,0.26948052,0.79389313,3.5146689458837894,3.5482906345155794,19755
2021,"Keegan Thompson","CHC",53.1,243,9.28125,5.23125,1.77419355,1.51875,0.22633745,0.12757202,0.09876543,0.23300971,1.48125,0.26712329,0.8625731,5.156900405883789,4.716565351098616,19795
2021,"Wil Crowe","PIT",116.2,524,8.56285714,4.39714286,1.94736842,1.92857143,0.21183206,0.10877863,0.10305343,0.27571116,1.56857143,0.31076923,0.74025974,5.67225754588379,4.898007954735414,19800
2021,"Riley Smith","ARI",67.1,301,4.81188119,2.0049505,2.4,1.33663366,0.11960133,0.04983389,0.06976744,0.30824373,1.5,0.3220339,0.64835165,4.877321195883789,5.226427870589056,19826
2021,"Michael King","NYY",63.1,275,8.81052632,3.41052632,2.58333333,0.85263158,0.22545455,0.08727273,0.13818182,0.23553719,1.27894737,0.28813559,0.73791349,3.8641372458837893,4.192697119766687,19853
2021,"Brandon Bielak","HOU",50,218,8.28,3.78,2.19047619,0.9,0.21100917,0.09633028,0.11467889,0.25396825,1.38,0.3006993,0.66153846,4.06940040588379,4.463265409469605,19866
2021,"Griffin Canning","LAA",62.2,277,8.90425532,4.0212766,2.21428571,2.0106383,0.22382671,0.10108303,0.12274368,0.26422764,1.48404255,0.29651163,0.71236559,5.48323019588379,4.718830928948347,19867
2021,"Tanner Houck","BOS",69,285,11.34782609,2.73913043,4.14285714,0.52173913,0.30526316,0.07368421,0.23157895,0.22265625,1.13043478,0.31736527,0.66326531,2.5751975058837893,3.2024425283722255,19879
2021,"Jose Suarez","LAA",98.1,413,7.77966102,3.29491525,2.36111111,1.00677966,0.20581114,0.08716707,0.11864407,0.2303523,1.23050847,0.26714801,0.72992701,4.11516311588379,4.329669953947282,19911
2021,"Trevor Stephan","CLE",63.1,282,10.65789474,4.40526316,2.41935484,2.13157895,0.26595745,0.10992908,0.15602837,0.23481781,1.40526316,0.2721519,0.84507042,5.490453035883789,4.5566965453664725,19932
2021,"Ian Anderson","ATL",128.1,535,8.6961039,3.71688312,2.33962264,1.12207792,0.2317757,0.09906542,0.13271028,0.22105263,1.23116883,0.26099707,0.79062958,4.120049755883789,3.956654386262163,19951
2021,"Jesus Luzardo","2 Tms",95.1,437,9.25174825,4.53146853,2.04166667,1.88811189,0.22425629,0.10983982,0.11441647,0.28042328,1.61538462,0.32209738,0.65384615,5.47709271588379,4.841239844373158,19959
2021,"Zach Plesac","CLE",142.2,598,6.30841121,2.14485981,2.94117647,1.45093458,0.16722408,0.05685619,0.11036789,0.24818841,1.19859813,0.26267281,0.67901235,4.725475175883789,4.769273694546365,19979
2021,"Bryse Wilson","2 Tms",74,322,5.59459459,2.67567568,2.09090909,1.82432432,0.14285714,0.06832298,0.07453416,0.29010239,1.44594595,0.29411765,0.72413793,5.493724725883789,5.099908715808714,19990
2021,"Tyler Wells","BAL",57,224,10.26315789,1.89473684,5.41666667,1.42105263,0.29017857,0.05357143,0.23660714,0.19230769,0.9122807,0.22627737,0.64356436,3.6255407558837893,4.111230272368381,20000
2021,"Chris Paddack","SDP",108.1,459,8.22461538,1.82769231,4.5,1.24615385,0.21568627,0.04793028,0.16775599,0.26932084,1.26461538,0.31055901,0.60683761,3.778631175883789,3.867942140674077,20099
2021,"James Karinchak","CLE",55.1,235,12.68674699,5.20481928,2.4375,1.46385542,0.33191489,0.13617021,0.19574468,0.1758794,1.21084337,0.22807018,0.74468085,4.30795462588379,3.7559852172087522,20151
2021,"Zach Pop","MIA",54.2,246,8.39634146,3.95121951,2.125,0.49390244,0.20731707,0.09756098,0.10975609,0.25352113,1.42682927,0.31875,0.69682152,3.7730589458837893,4.31842356015532,20185
2021,"Garrett Whitlock","BOS",73.1,298,9.94090909,2.08636364,4.76470588,0.73636364,0.27181208,0.05704698,0.2147651,0.23272727,1.10454545,0.30366492,0.82010582,2.8421276758837895,3.222126261215006,20191
2021,"Eli Morgan","CLE",89.1,379,8.16044776,2.21641791,3.68181818,2.01492537,0.21372032,0.05804749,0.15567283,0.25862069,1.25373134,0.27777778,0.70454545,5.139549655883789,4.915268415366738,20203
2021,"Griffin Jax","MIN",82,360,7.13414634,3.18292683,2.24137931,2.52439024,0.18055556,0.08055556,0.1,0.25625,1.35365854,0.24789916,0.64439141,6.474278455883789,5.754329781997495,20253
2021,"David Peterson","NYM",66.2,287,9.315,3.915,2.37931034,1.485,0.24041812,0.1010453,0.13937282,0.25498008,1.395,0.30635838,0.65375303,4.774400405883789,3.9262657992163357,20302
2021,"Matt Peacock","ARI",86.1,386,5.21235521,2.91891892,1.78571429,1.35521236,0.12953368,0.07253886,0.05699482,0.30397727,1.56370656,0.31972789,0.68760611,4.976350215883789,4.449450481355594,20339
2021,"Matt Manning","DET",85.1,385,6.01171875,3.48046875,1.72727273,1.0546875,0.14805195,0.08571429,0.06233766,0.27906977,1.51171875,0.30496454,0.61864407,4.62252540588379,5.125440083101432,20369
2021,"Bruce Zimmermann","BAL",64.1,285,7.83419689,3.07772021,2.54545455,1.95854922,0.19649123,0.07719298,0.11929825,0.29069767,1.50777202,0.31937173,0.78085642,5.376654295883789,4.440072123038702,20370
2021,"Josh Fleming","TBR",104.1,448,5.60702875,2.67412141,2.09677419,0.94888179,0.14508929,0.06919643,0.07589286,0.26829268,1.3514377,0.29289941,0.65318818,4.271636825883789,4.355426666987777,20418
2021,"Huascar Ynoa","ATL",91,372,9.89010989,2.47252747,4,1.38461538,0.2688172,0.0672043,0.2016129,0.22352941,1.10989011,0.27074236,0.73770492,3.927642165883789,3.4012426709080787,20468
2021,"Casey Mize","DET",150.1,612,7.06430155,2.45454545,2.87804878,1.4368071,0.19281046,0.06699346,0.125817,0.23423423,1.13747228,0.25358852,0.79514825,4.712637655883789,4.374306313135428,20492
2021,"J.C. Mejia","CLE",52.1,238,8.08280255,4.12738854,1.95833333,2.23566879,0.19747899,0.10084034,0.09663865,0.28571429,1.60509554,0.31125828,0.56686047,6.150292125883789,4.707912451962043,20617
2021,"Yusei Kikuchi","SEA",157,666,9.34394904,3.55414013,2.62903226,1.5477707,0.24474474,0.09309309,0.15165165,0.24288107,1.31847134,0.28850856,0.74626866,4.608890855883789,3.84546407009386,20633
2021,"Emmanuel Clase","CLE",69.2,279,9.55980861,2.06698565,4.625,0.25837321,0.26523297,0.05734767,0.2078853,0.19465649,0.96172249,0.26203209,0.76323988,2.107199445883789,2.595109289313147,21032
2021,"Connor Brogdon","PHI",57.2,235,7.80346821,2.80924855,2.77777778,0.93641618,0.21276596,0.07659574,0.13617022,0.22065728,1.12716763,0.25625,0.67708333,3.7763368258837895,4.320766558677073,21205
2021,"Bailey Ober","MIN",92.1,379,9.35740072,1.85198556,5.05263158,1.94945848,0.25329815,0.05013193,0.20316622,0.25842697,1.20216607,0.2962963,0.79761905,4.5556819958837895,4.013826572731873,21224
2021,"Tylor Megill","NYM",89.2,379,9.93680297,2.71003717,3.66666667,1.9070632,0.26121372,0.07124011,0.18997361,0.25507246,1.28252788,0.29741379,0.78539823,4.6861290258837895,3.9189399662900257,21318
2021,"Kris Bubic","KCR",130,556,7.89230769,4.08461538,1.93220339,1.52307692,0.20503597,0.10611511,0.09892086,0.24845996,1.38461538,0.27966102,0.76824584,5.1386311758837895,4.567347524716304,21455
2021,"Shane McClanahan","TBR",123.1,517,10.28918919,2.7,3.81081081,1.02162162,0.27272727,0.07156673,0.20116054,0.25210084,1.27297297,0.32817337,0.78909613,3.3072382458837892,3.2335792095291884,21483
2021,"Daniel Lynch","KCR",68,311,7.27941176,4.10294118,1.77419355,1.19117647,0.17684887,0.09967846,0.07717041,0.29520295,1.63235294,0.33490566,0.67382813,4.816459225883789,5.223581323378227,21537
2021,"Logan Gilbert","SEA",119.1,503,9.65363129,2.11173184,4.57142857,1.28212291,0.25447316,0.055666,0.19880716,0.24137931,1.17318436,0.29320988,0.6792144,3.7308529158837893,4.185487526716878,22250
2021,"Tarik Skubal","DET",149.1,634,9.88392857,2.83258929,3.4893617,2.109375,0.25867508,0.07413249,0.18454259,0.24479167,1.25892857,0.27748691,0.8137931,5.084578975883789,4.058148422178561,22267
2021,"Trevor Rogers","MIA",133,550,10.62406015,3.11278195,3.41304348,0.40601504,0.28545455,0.08363636,0.20181819,0.21836735,1.15037594,0.30059524,0.7486631,2.545340255883789,3.537585990366183,22286
2021,"Johan Oviedo","STL",62.1,288,7.36363636,5.34224599,1.37837838,1.15508021,0.17708333,0.12847222,0.04861111,0.25102881,1.57219251,0.28494624,0.70043103,5.271004685883789,5.216029837884804,22487
2021,"Carlos Hernandez","KCR",85.2,358,7.77431907,4.307393,1.80487805,0.73540856,0.20670391,0.11452514,0.09217877,0.22258065,1.28404669,0.26724138,0.74856046,4.079906245883789,4.994923756302036,22713
2021,"Luis Patino","TBR",77.1,333,8.61206897,3.375,2.55172414,1.39655172,0.22222222,0.08708709,0.13513513,0.23154362,1.26724138,0.26511628,0.72446556,4.51422799588379,5.029570333200304,22815
2021,"Codi Heuer","2 Tms",67.1,281,7.48514851,3.07425743,2.43478261,0.93564356,0.19928826,0.08185053,0.11743773,0.26104418,1.30693069,0.30051813,0.69825436,3.9713806058837893,4.401807897157738,23293
2021,"Brett de Geus","2 Tms",50,238,7.38,4.5,1.64,1.08,0.17226891,0.10504202,0.06722689,0.30845771,1.74,0.35443038,0.55427252,5.069400405883789,4.885665721297264,23592
2021,"Luis Garcia","HOU",155.1,633,9.67596567,2.89699571,3.34,1.10085837,0.26382306,0.07898894,0.18483412,0.23036649,1.17167382,0.28680203,0.77651515,3.6329197158837894,3.928397123947591,23735
2021,"Ryan Weathers","SDP",94.2,401,6.84507042,2.85211268,2.4,1.90140845,0.17955112,0.07481297,0.10473815,0.27900552,1.38380282,0.29347826,0.72641509,5.44052716588379,4.707004063259975,23796
2021,"Randy Dobnak","MIN",50.2,228,4.79605263,2.13157895,2.25,1.95394737,0.11842105,0.05263158,0.06578947,0.30985915,1.53947368,0.31073446,0.55031447,5.695716195883789,4.301153389917441,23798
2021,"Josiah Gray","2 Tms",70.2,307,9.67924528,4.20283019,2.3030303,2.41981132,0.247557,0.10749186,0.14006514,0.23773585,1.35849057,0.24858757,0.75630252,5.999589085883789,5.051096018497759,24580
2021,"Brady Singer","KCR",128.1,586,9.18701299,3.71688312,2.47169811,0.98181818,0.22354949,0.09044369,0.1331058,0.28131021,1.55064935,0.35013263,0.67752101,4.04212767588379,4.10882751944121,25377
2021,"Drew Rasmussen","2 Tms",76,307,8.64473684,2.96052632,2.92,0.59210526,0.23778502,0.08143322,0.1563518,0.20357143,1.07894737,0.25490196,0.73333333,3.0904530358837894,3.6746036709923495,25385
2021,"Alek Manoah","TOR",111.2,459,10.2358209,3.2238806,3.175,0.96716418,0.27668845,0.08714597,0.18954248,0.19201995,1.04776119,0.24621212,0.76592083,3.7962660758837896,4.168960857361521,26410
2021,"Kwang Hyun Kim","STL",106.2,452,6.75,3.290625,2.05128205,1.0125,0.17699115,0.08628319,0.09070796,0.24197531,1.284375,0.27129338,0.76489533,4.341275405883788,4.6983569526567095,27458
2021,"Garrett Crochet","CHW",54.1,230,10.76687117,4.47239264,2.40740741,0.33128834,0.2826087,0.1173913,0.1652174,0.21319797,1.26993865,0.2962963,0.71428571,2.8013022458837886,3.946494926239952,27463
2021,"Hirokazu Sawamura","BOS",53,233,10.35849057,5.43396226,1.90625,1.52830189,0.26180258,0.13733906,0.12446352,0.22727273,1.45283019,0.27906977,0.82831325,4.999589085883789,4.3900277677572,27515